Company Names,Cars Names,Engines,CC/Battery Capacity,HorsePower,Total Speed,Acceleration,Cars Prices,Fuel Types,Seats,Torque
FERRARI,SF90 STRADALE,V8,,963,340 km/h,2.0,1100000.0,plug in hyrbrid,2,800.0
ROLLS ROYCE,PHANTOM,V12,,563,250 km/h,5.0,460000.0,Petrol,5,900.0
Ford,KA+,1.2L Petrol,,70,165 km/h,10.0,12000.0,Petrol,5,100.0
MERCEDES, GT 63 S,V8,,630,250 km/h,3.0,161000.0,Petrol,4,900.0
AUDI,AUDI R8 Gt,V10,,602,320 km/h,3.0,253290.0,Petrol,2,560.0
BMW,Mclaren 720s,V8,,710,341 km/h,2.0,499000.0,Petrol,2,770.0
ASTON MARTIN,VANTAGE F1,V8,,656,314 km/h,3.0,193440.0,Petrol,2,685.0
BENTLEY,Continental GT Azure,V8,,550,318 km/h,4.0,311000.0,Petrol,4,900.0
LAMBORGHINI,VENENO ROADSTER,V12,,750,356 km/h,2.0,4500000.0,Petrol,2,690.0
FERRARI,F8 TRIBUTO,V8,,710,340 km/h,2.0,280000.0,Petrol,2,770.0
FERRARI,812 GTS,V12,,789,340 km/h,2.0,350000.0,Petrol,2,718.0
FERRARI,PORTOFINO,V8,,592,320 km/h,3.0,210000.0,Petrol,2+2,760.0
FERRARI,ROMA,V8,,612,320 km/h,3.0,230000.0,Petrol,2+2,760.0
FERRARI,MONZA SP2,V12,,789,340 km/h,2.0,1700000.0,Petrol,2,719.0
FERRARI,F8 SPIDER,V8,,710,340 km/h,2.0,280000.0,Petrol,2,770.0
FERRARI,PORTOFINO M,V8,,612,320 km/h,3.0,220000.0,Petrol,2+2,760.0
FERRARI,ROMA SPIDER,V8,,612,320 km/h,3.0,240000.0,Petrol,2+2,760.0
TOYOTA,GR SUPRA,I4,,382,250 km/h,4.0,53900.0,Petrol,2,500.0
TOYOTA,TOYOTA 86,BOXER-4,,205,226 km/h,6.0,27000.0,Petrol,2+2,205.0
TOYOTA,TOYOTA  GR86,BOXER-4,,228,226 km/h,5.0,30000.0,Petrol,4,250.0
TOYOTA,TOYOTA LAND CRUISER,V8,,381,220 km/h,6.0,85000.0,Diesel,7,500.0
TOYOTA,TOYOTA SEQUOIA,V8,,381,200 km/h,6.0,50000.0,Petrol,7,651.0
NISSAN,GT-R,V6,,600,315 km/h,2.0,113000.0,Petrol,4,637.0
NISSAN,370Z,V6,,332,250 km/h,4.0,30000.0,Petrol,2,366.0
NISSAN,Z PROTO,V6,,400,290 km/h,4.0,40000.0,Petrol,2,475.0
NISSAN,ALTIMA,I4,,188,225 km/h,7.0,25000.0,Petrol,5,380.0
NISSAN,MAXIMA,V6,,300,240 km/h,5.0,35000.0,Petrol,5,354.0
NISSAN,SENTRA,I4,,149,200 km/h,8.0,20000.0,Petrol,5,240.0
NISSAN,ROGUE,I4,,201,200 km/h,7.0,28000.0,Petrol,5,270.0
NISSAN,PATHFINDER,V6,,284,225 km/h,6.0,35000.0,Petrol,7,351.0
NISSAN,FRONTIER,V6,,310,180 km/h,6.0,30000.0,Petrol,5,381.0
NISSAN,TITAN,V8,,400,200 km/h,5.0,40000.0,Petrol,5,560.0
ASTON MARTIN,VALKYRIE,V12,,1160,402 km/h,2.0,3200000.0,Hybrid,2,900.0
ASTON MARTIN,VALHALLA,V8,,1000,362 km/h,2.0,1100000.0,Hybrid,2,1000.0
ASTON MARTIN,DBS SUPERLEGGERA,V12,,715,340 km/h,3.0,316000.0,Petrol,2,900.0
ASTON MARTIN,DB11,V12,,600,322 km/h,3.0,208000.0,Petrol,4,700.0
ASTON MARTIN,VANTAGE ,V8,,503,313 km/h,3.0,142000.0,Petrol,2,685.0
ASTON MARTIN,DBX,V8,,542,291 km/h,4.0,189000.0,Petrol,5,700.0
ASTON MARTIN,RAPIDE AMR,V12,,580,328 km/h,4.0,240000.0,Petrol,4,630.0
ASTON MARTIN,VANQUISH,V12,,580,324 km/h,3.0,294000.0,Petrol,2,630.0
ASTON MARTIN,LAGONDA TARAF,V12,,540,314 km/h,4.0,1100000.0,Petrol,4,630.0
ASTON MARTIN,VICTOR,V12,,836,320 km/h,2.0,1300000.0,Petrol,2,821.0
LAMBORGHINI,SIAN,V12,,819,350 km/h,2.0,2800000.0,Hybrid,2,720.0
LAMBORGHINI,AVENTADOR SVJ,V12,,759,350 km/h,2.0,518000.0,Petrol,2,720.0
LAMBORGHINI,HURACAN PERFORMANTE,V10,,640,325 km/h,2.0,274000.0,Petrol,2,600.0
LAMBORGHINI,HURACAN EVO,V10,,640,325 km/h,2.0,261000.0,Petrol,2,600.0
LAMBORGHINI,AVENTADOR SV,V12,,740,350 km/h,2.0,493000.0,Petrol,2,690.0
LAMBORGHINI,URUS ,V8,,641,305 km/h,3.0,211000.0,Petrol,5,850.0
LAMBORGHINI,HURACAN SPYDER,V10,,610,325 km/h,3.0,287000.0,Petrol,2,600.0
LAMBORGHINI,AVENTADOR ROADSTER,V12,,700,350 km/h,3.0,445000.0,Petrol,2,690.0
LAMBORGHINI,HURACAN  PERFORMANTE SPYDER,V10,,640,325 km/h,3.0,308000.0,Petrol,2,600.0
LAMBORGHINI,AVENTADOR S,V12,,740,350 km/h,2.0,421000.0,Petrol,2,690.0
LAMBORGHINI,HURACAN EVO SPYDER,V10,,640,325 km/h,3.0,287000.0,Petrol,2,600.0
LAMBORGHINI,URUS PERFORMANTE,V8,,641,305 km/h,3.0,242000.0,Petrol,5,850.0
LAMBORGHINI,AVENTADOR ULTIMAE,V12,,769,355 km/h,2.0,545000.0,Petrol,2,720.0
LAMBORGHINI,HURACAN EVO RWD,V10,,610,325 km/h,3.0,258000.0,Petrol,2,560.0
LAMBORGHINI,AVENTADOR SVJ ROADSTER,V12,,759,350 km/h,2.0,573000.0,Petrol,2,720.0
LAMBORGHINI,URUS S,V8,,671,305 km/h,3.0,263000.0,Petrol,5,850.0
LAMBORGHINI,HURACAN STO,V10,,640,325 km/h,3.0,327000.0,Petrol,2,565.0
LAMBORGHINI,AVENTADOR LP 780-4 ULTIMATE,V12,,769,355 km/h,2.0,545000.0,Petrol,2,720.0
LAMBORGHINI,HURACAN EVO RWD SPYDER,V10,,610,325 km/h,3.0,273000.0,Petrol,2,600.0
LAMBORGHINI,AVENTADOR SVJ XAGO,V12,,759,350 km/h,2.0,603000.0,Petrol,2,720.0
LAMBORGHINI,URUS GRAPHITE CAPSULE,V8,,641,305 km/h,3.0,253000.0,Petrol,5,850.0
LAMBORGHINI,HURACAN STO EVO,V10,,640,325 km/h,3.0,342000.0,Petrol,2,565.0
LAMBORGHINI,AVENTADOR LP 780-4 ULTIMATE ROADSTER,V12,,769,355 km/h,2.0,573000.0,Petrol,2,720.0
ROLLS ROYCE ,GHOST,V12,,591,250 km/h,4.0,332000.0,Petrol,5,850.0
ROLLS ROYCE,WRAITH,V12,,624,250 km/h,4.0,330000.0,Petrol,4,870.0
ROLLS ROYCE,DAWN,V12,,624,250 km/h,4.0,360000.0,Petrol,4,870.0
ROLLS ROYCE,CULLINAN,V12,,563,250 km/h,5.0,325000.0,Petrol,5,850.0
ROLLS ROYCE,PHANTOM EXTENDED,V12,,563,250 km/h,5.0,500000.0,Petrol,5,900.0
ROLLS ROYCE,GHOST EXTENDED,V12,,591,250 km/h,4.0,370000.0,Petrol,5,850.0
ROLLS ROYCE,WRAITH BLACK BADGE,V12,,624,250 km/h,4.0,360000.0,Petrol,4,870.0
ROLLS ROYCE,DAWN BLACK BADGE,V12,,624,250 km/h,4.0,390000.0,Petrol,4,870.0
ROLLS ROYCE,CULLINAN BLACK BADGE,V12,,563,250 km/h,5.0,350000.0,Petrol,5,850.0
ROLLS ROYCE,PHANTOM COUPE,V12,,563,250 km/h,5.0,450000.0,Petrol,4,870.0
ROLLS ROYCE,GHOST COUPE,V12,,591,250 km/h,4.0,340000.0,Petrol,4,850.0
ROLLS ROYCE,WRAITH COUPE,V12,,624,250 km/h,4.0,330000.0,Petrol,4,870.0
ROLLS ROYCE,DAWN CONVERTIBLE,V12,,624,250 km/h,4.0,380000.0,Petrol,4,870.0
ROLLS ROYCE,CULLINAN SUV,V12,,563,250 km/h,5.0,320000.0,Petrol,5,850.0
MERCEDES,BENZ S-CLASS S 580,V8,,496,250 km/h,4.0,116000.0,Petrol,5,700.0
MERCEDES,BENZ E-CLASS E 63 S,V8,,603,250 km/h,3.0,104000.0,Petrol,5,850.0
MERCEDES,BENZ CLA 45 AMG,I4,,382,250 km/h,4.0,53000.0,Petrol,5,500.0
MERCEDES,BENZ GLE 63 S,V8,,603,250 km/h,4.0,113000.0,Petrol,5,850.0
MERCEDES,BENZ S-CLASS S 500,V6,,429,250 km/h,4.0,109000.0,Petrol,5,700.0
MERCEDES,BENZ E-CLASS E 450 ,V6,,362,250 km/h,5.0,62000.0,Petrol,5,500.0
MERCEDES,BENZ CLS 450,V6,,362,250 km/h,5.0,70000.0,Petrol,5,500.0
MERCEDES,BENZ GT 53,V6,,429,250 km/h,4.0,99000.0,Petrol,5,700.0
MERCEDES,BENZ GLE 450,V6,,362,250 km/h,5.0,63000.0,Petrol,5,500.0
MERCEDES,BENZ A-CLASS A 45 S,I4,,416,250 km/h,3.0,53000.0,Petrol,5,500.0
MERCEDES,BENZ C-CLASS C 43,V6,,402,250 km/h,4.0,52000.0,Petrol,5,520.0
MERCEDES,BENZ E-CLASS E 350,I4,,255,250 km/h,5.0,49000.0,Petrol,5,500.0
MERCEDES,BENZ GLE 350 ,I4,,255,250 km/h,6.0,53000.0,Petrol,5,500.0
MERCEDES,BENZ GLC 43,V6,,402,250 km/h,4.0,54000.0,Petrol,5,520.0
MERCEDES,BENZ GLA 45,I4,,382,250 km/h,4.0,48000.0,Petrol,5,500.0
MERCEDES,BENZ GLC 350 ,I4,,255,250 km/h,6.0,46000.0,Petrol,5,500.0
MERCEDES,BENZ GLE 53,V6,,429,250 km/h,5.0,71000.0,Petrol,5,620.0
MERCEDES,BENZ S-CLASS S 350,I4,,255,250 km/h,6.0,90000.0,Petrol,5,500.0
MERCEDES,BENZ EQS 53,ELECTRIC MOTOR,,751,250 km/h,3.0,102000.0,Electric,5,950.0
MERCEDES,BENZ MAYBACH S 680,V12,,630,250 km/h,4.0,200000.0,Petrol,5,1000.0
BMW,M5 CS,V8,,627,305 km/h,3.0,142000.0,Petrol,5,750.0
BMW,M4 GTS,I6,,493,305 km/h,3.0,133000.0,Petrol,4,600.0
BMW,M3 COMPETITION,I6,,503,285 km/h,3.0,76000.0,Petrol,5,650.0
BMW,M2 CS,I6,,444,280 km/h,4.0,83000.0,Petrol,4,550.0
BMW,X5 M COMPETITION,V8,,523,285 km/h,4.0,114000.0,Petrol,5,750.0
BMW,X3 M COMPETITION,I6,,503,285 km/h,4.0,69000.0,Petrol,5,650.0
BMW,M8 GRAN COUPE,V8,,523,305 km/h,3.0,146000.0,Petrol,5,750.0
BMW,M850i DRIVE COUPE,V8,,523,285 km/h,3.0,108000.0,Petrol,4,750.0
ROLLS ROYCE,DAWN BLACK BADGE VOLANTE,V12,,563,250 km/h,4.0,398000.0,Petrol,4,840.0
ROLLS ROYCE,CULLINAN BLACK BADGE SUV,V12,,563,250 km/h,5.0,381000.0,Petrol,5,850.0
ROLLS ROYCE,PHATOM TRANQUILITY,V12,,563,250 km/h,5.0,475000.0,Petrol,5,900.0
ROLLS ROYCE,GHOST ZENITH,V12,,563,250 km/h,4.0,335000.0,Petrol,5,900.0
ROLLS ROYCE,WRAITH EAGLE VIII,V12,,623,250 km/h,4.0,349000.0,Petrol,4,800.0
ROLLS ROYCE,PHATOM ORCHID,V12,,563,250 km/h,5.0,495000.0,Petrol,5,900.0
ROLLS ROYCE,GHOST AZURE,V12,,563,250 km/h,4.0,355000.0,Petrol,5,900.0
ROLLS ROYCE,WRAITH KRYPTOS,V12,,623,250 km/h,4.0,369000.0,Petrol,4,800.0
ROLLS ROYCE,DAWN SILVER BULLET,V12,,563,250 km/h,4.0,418000.0,Petrol,4,840.0
ROLLS ROYCE,CULLINAN FUX ORANGE,V12,,563,250 km/h,5.0,401000.0,Petrol,5,850.0
ROLLS ROYCE,PHANTOM CELESTIAL,V12,,563,250 km/h,5.0,515000.0,Petrol,5,900.0
ROLLS ROYCE,GHOST MYSORE,V12,,563,250 km/h,4.0,375000.0,Petrol,5,900.0
ROLLS ROYCE,WRAITH LUMINARY,V12,,623,250 km/h,4.0,389000.0,Petrol,4,800.0
ROLLS ROYCE,DAWN BLACK BADGE ADAMAS,V12,,563,250 km/h,4.0,439000.0,Petrol,4,840.0
ROLLS ROYCE,CULLINAN RED DIAMOND,V12,,563,250 km/h,5.0,421000.0,Petrol,5,850.0
AUDI,R8 V10 PLUS,V10,,610,330 km/h,3.0,194000.0,Petrol,2,560.0
AUDI,RS7 SPORTBACK,V8,,591,305 km/h,3.0,114000.0,Petrol,5,800.0
AUDI,S8,V8,,563,305 km/h,4.0,101000.0,Petrol,5,800.0
AUDI,RS6 AVANT,V8,,591,305 km/h,3.0,109000.0,Petrol,5,800.0
AUDI,S7 SPORTBACK,V8,,563,305 km/h,4.0,96000.0,Petrol,5,650.0
AUDI,A8,V6,,335,250 km/h,5.0,86000.0,Petrol,5,600.0
AUDI,S5 COUPE,V6,,349,250 km/h,4.0,64000.0,Petrol,4,500.0
AUDI,SQ5,V6,,349,250 km/h,5.0,62000.0,Petrol,5,500.0
AUDI,S4 SEDAN,V6,,349,250 km/h,4.0,59000.0,Petrol,5,500.0
AUDI,S3 SEDAN,I4,,306,250 km/h,4.0,52000.0,Petrol,5,400.0
AUDI,Q7,V6,,335,250 km/h,6.0,60000.0,Petrol,7,600.0
AUDI,Q5,I4,,248,240 km/h,6.0,43000.0,Petrol,5,500.0
AUDI,A7,V6,,335,250 km/h,5.0,68000.0,Petrol,5,600.0
AUDI,A6,V6,,335,250 km/h,5.0,58000.0,Petrol,5,600.0
AUDI,A5 COUPE,I4,,248,240 km/h,6.0,45000.0,Petrol,4,500.0
AUDI,A4,I4,,248,240 km/h,6.0,39000.0,Petrol,5,400.0
AUDI,Q3,I4,,248,230 km/h,7.0,35000.0,Petrol,5,400.0
AUDI,E-TRON,ELECTRIC ,,402,200 km/h,5.0,75000.0,Electric,5,664.0
AUDI,E-TRON SPORTBACK,ELECTRIC,,402,200 km/h,5.0,78000.0,Electric,5,664.0
AUDI,TT COUPE,I4,,248,250 km/h,5.0,49000.0,Petrol,2,400.0
BMW,I8 ROADSTER,ELECTRIC MOTOR,,369,250 km/h,4.0,165000.0,Hybrid,2,570.0
BMW,330i,I4,,255,250 km/h,5.0,45000.0,Petrol,5,400.0
BMW,M340i XDRIVE,I6,,382,250 km/h,4.0,57000.0,Petrol,5,500.0
BMW,430i COUPE,I4,,255,250 km/h,5.0,48000.0,Petrol,4,400.0
BMW,M4 COMPETITION,I6,,503,290 km/h,3.0,81000.0,Petrol,4,650.0
BMW,530i,I4,,248,250 km/h,5.0,57000.0,Petrol,5,400.0
BMW,M550i XDRIVE,V8,,523,250 km/h,3.0,78000.0,Petrol,5,650.0
BMW,118i,I3,,136,213 km/h,8.0,32000.0,Petrol,5,220.0
BMW,128ti,I4,,261,250 km/h,6.0,42000.0,Petrol,5,400.0
BMW,M135i XDRIVE,I4,,302,250 km/h,4.0,30000.0,Petrol,5,450.0
BMW,116D,I3,,116,200 km/h,10.0,30000.0,Diesel,5,280.0
BMW,120D XDRIVE,I4,,190,230 km/h,6.0,38000.0,Diesel,5,400.0
BMW,116i,I3,,109,200 km/h,10.0,28000.0,Petrol,5,200.0
BMW,118D,I4,,150,216 km/h,8.0,34000.0,Diesel,5,380.0
BMW,120i,I4,,178,230 km/h,7.0,37000.0,Petrol,5,300.0
BMW,125i,I4,,224,240 km/h,6.0,42000.0,Petrol,5,400.0
BMW,114D,I3,,95,185 km/h,12.0,27000.0,Diesel,5,270.0
BMW,114i,I4,,102,195 km/h,11.0,26000.0,Petrol,5,200.0
BMW,125D,I4,,224,240 km/h,6.0,44000.0,Diesel,5,400.0
BMW,118i XDRIVE,I3,,136,211 km/h,8.0,34000.0,Petrol,5,250.0
BMW,116D EFFICIENTDYNAMICS,I3,,116,200 km/h,10.0,30000.0,Diesel,5,270.0
BMW,118i SPORTLINE,I3,,136,213 km/h,8.0,35000.0,Petrol,5,250.0
BMW,118i M SPORT,I3,,136,213 km/h,8.0,37000.0,Petrol,5,250.0
BMW,120i M SPORT,I4,,178,230 km/h,7.0,39000.0,Petrol,5,300.0
BMW,116i EFFICIENTDYNAMICS,I4,,109,195 km/h,10.0,29000.0,Petrol,5,200.0
BMW,116D ADVANTAGE,I3,,116,200 km/h,10.0,31000.0,Diesel,5,270.0
BMW,120D EFFICIENTDYNAMICS,I4,,163,225 km/h,7.0,39000.0,Diesel,5,400.0
BMW,118i SHADOW LINE,I3,,136,213 km/h,8.0,36000.0,Petrol,5,250.0
BMW,118D SPORT LINE,I4,,150,216 km/h,8.0,36000.0,Diesel,5,380.0
BMW,120i XDRIVE,I4,,178,230 km/h,7.0,40000.0,Petrol,5,300.0
BMW,114D SPORT LINE,I3,,95,185 km/h,12.0,28000.0,Diesel,5,270.0
BMW,118i URBAN LINE,I3,,136,213 km/h,8.0,35000.0,Petrol,5,250.0
VOLVO,XC90,I6,,247,200 km/h,6.0,60000.0,Petrol/Diesel,7,400.0
VOLVO,XC60,I6,,247,220 km/h,6.0,55000.0,Petrol/Diesel,5,400.0
VOLVO,S90,I6,,295,250 km/h,5.0,60000.0,Petrol/Diesel,5,400.0
KIA,SPORTAGE LX,I4,,187,200 km/h,8.0,27000.0,Petrol,5,250.0
KIA,SPORTAGE EX,I4,,187,200 km/h,8.0,30000.0,Petrol,5,250.0
KIA,SPORTAGE GT-LINE,I4,,187,200 km/h,8.0,32000.0,Petrol,5,350.0
KIA,SPORTAGE SX TURBO,I4,,240,210 km/h,6.0,36000.0,Petrol,5,400.0
KIA,SPORTAGE NIGHTFALL EDITION,I4,,187,200 km/h,8.0,33000.0,Petrol,5,350.0
HONDA,CIVIC TYPE R,I4,,315,272 km/h,5.0,44000.0,Petrol,5,400.0
KIA,SPORTAGE PHEV,I4 + ELECTRIC,,261,180 km/h,8.0,41000.0,Plug-in Hybrid,5,350.0
KIA,SPORTAGE 2024(BASE MODEL),I4,,187,200 km/h,8.0,26000.0,Petrol,5,250.0
KIA,SPORTAGE 2024(TOP TRIM),I4,,240,210 km/h,6.0,38000.0,Petrol,5,400.0
KIA,SPORTAGE 2024(BASE AWD),I4,,187,200 km/h,8.0,29000.0,Petrol/AWD,5,250.0
KIA,SPORTAGE X-LINE,I4,,187,200 km/h,8.0,32500.0,Petrol,5,350.0
KIA,SPORTAGE 2024(S TRIM),I4,,187,200 km/h,8.0,28000.0,Petrol,5,250.0
HONDA,ACCORD,I4,,192,201 km/h,7.0,29400.0,Petrol,5,370.0
KIA,SPORTAGE 2024(HYBRID AWD),I4 + ELECTRIC,,227,180 km/h,8.0,37000.0,Hybrid,5,350.0
KIA,SPORTAGE 2024(PLUG-IN HYBRID AWD),I4 + ELECTRIC,,261,180 km/h,7.0,42000.0,Plug-in Hybrid,5,350.0
KIA,SPORTAGE 2024(X-PRO),I4,,187,200 km/h,8.0,36000.0,Petrol,5,400.0
KIA,SPORTAGE 2024(X-PRO PRESTIGE),I4,,187,200 km/h,8.0,38000.0,Petrol,5,400.0
KIA,SPORTAGE 2024(SX TURBO AWD),I4,,240,210 km/h,6.0,40000.0,Petrol/AWD,5,400.0
KIA  ,SPORTAGE 2024(BASE FWD),I4,,187,200 km/h,8.0,26500.0,Petrol,5,250.0
HONDA,CR-V,I4,,190,186 km/h,8.0,30000.0,Petrol/Hybrid,5,400.0
HONDA,PILOT,V6,,285,209 km/h,6.0,40000.0,Petrol,8,360.0
HONDA,CIVIC HATCHBACK,I4,,180,220 km/h,6.0,26350.0,Petrol,5,300.0
TOYOTA,CAMRY,V6,,301,220 km/h,6.0,27000.0,Petrol/Hybrid,5,250.0
TOYOTA,COROLLA,I4,,139,180 km/h,9.0,22500.0,Petrol/Hybrid,5,200.0
TOYOTA,PRIUS,I4,,121,180 km/h,10.0,26700.0,Hybrid,5,142.0
TOYOTA,RAV4,I4,,203,200 km/h,8.0,27100.0,Petrol/Hybrid,5,400.0
TOYOTA,HIGHLANDER,V6,,295,220 km/h,7.0,38400.0,Petrol/Hybrid,7,370.0
TOYOTA,4RUNNER ,V6,,270,200 km/h,7.0,37400.0,Petrol,5,400.0
TOYOTA,TACOMA,I4,,159,180 km/h,9.0,26400.0,Petrol,5,400.0
TOYOTA,TUNDRA,V8,,381,220 km/h,6.0,39900.0,Petrol,5,650.0
TOYOTA,AVALON,V6,,301,220 km/h,6.0,41400.0,Petrol,5,400.0
TOYOTA,MIRAI,I4,,151,180 km/h,9.0,52400.0,Hydrogen,5,335.0
TOYOTA,SIENNA,V6,,245,190 km/h,8.0,44150.0,Petrol/Hybrid,7,360.0
TOYOTA,VENZA,I4,,219,200 km/h,7.0,33400.0,Hybrid,5,400.0
TOYOTA,HIGHLANDER HYBRID,V6,,240,220 km/h,8.0,40400.0,Hybrid,7,350.0
TOYOTA,LAND CRUISER PRADO,V6,,282,200 km/h,7.0,49400.0,Petrol/Diesel,7,450.0
TOYOTA,TUNDRA HYBRID,V6,,344,220 km/h,6.0,43400.0,Hybrid,5,650.0
TOYOTA,YARIS,I4,,106,180 km/h,11.0,18400.0,Petrol,5,150.0
TOYOTA,C-HR,I4,,144,200 km/h,10.0,24400.0,Petrol/Hybrid,5,250.0
TOYOTA,BZ4X,ELECTRIC,,218,200 km/h,7.0,43400.0,Electric,5,330.0
TOYOTA,CROWN,HYBRID,,236,200 km/h,7.0,38400.0,Hybrid,5,400.0
TOYOTA,MR2,I4,,168,200 km/h,6.0,29000.0,Petrol,2,400.0
TOYOTA,CELICA,I4,,140,200 km/h,8.0,25000.0,Petrol,5,250.0
HONDA,CITY,I4,,119,180 km/h,10.0,15400.0,Petrol/Hybrid,5,145.0
HONDA,CIVIC,I4,,158,200 km/h,8.0,20400.0,Petrol,5,400.0
HYUNDAI,I10,"1.2L,4-CYLINDER,INLINE-4(I4)",,87,160 km/h,12.0,12400.0,Petrol,5,120.0
HYUNDAI,I20,"1.4L,4-CYLINDER,INLINE-4(I4)",,99,180 km/h,10.0,15400.0,Petrol/Hybrid,5,250.0
HYUNDAI,ELANTRA,"2.0L,4-CYLINDER,INLINE-4(I4)",,147,200 km/h,9.0,18400.0,Petrol/Hybrid,5,250.0
MAHINDRA,XUV500,"2.2L,4-CYLINDER,INLINE-4(I4)",,155,180 km/h,10.0,18400.0,Diesel,7,400.0
MAHINDRA,SCORPIO,"2.2L,4-CYLINDER,INLINE-4(I4)",,140,160 km/h,11.0,16400.0,Diesel,7,280.0
MAHINDRA,THAR,"2.0L,4-CYLINDER,INLINE-4(I4)",,150,180 km/h,10.0,20400.0,Petrol/Diesel,4,320.0
MARUTI SUZUKI,SWIFT,"1.2L,4-CYLINDER,INLINE-4(I4)",,83,160 km/h,12.0,10400.0,Petrol,5,113.0
MARUTI SUZUKI,DZIRE,"1.2L,4-CYLINDER,INLINE-4(I4)",,83,160 km/h,12.0,11400.0,Petrol/Diesel,5,113.0
MARUTI SUZUKI,BREZZA,"1.5L,4-CYLINDER,INLINE(I4)",,103,180 km/h,11.0,14400.0,Petrol,5,200.0
TOYOTA,PRIUS PRIME,"2.0L,4-CYLINDER,WITH HYBRID SYSTEM",,220,180 km/h,6.0,31100.0,Plug-in Hybrid,5,220.0
TOYOTA,GR COROLLA,"1.6L,TURBOCHARGED INLINE-3",,300,230 km/h,5.0,36995.0,Petrol,5,370.0
TOYOTA,LAND CRUISER 300,"3.3L,V6,TWIN TURBO DIESEL",,305,210 km/h,6.0,58500.0,Petrol/Diesel,7,650.0
TOYOTA,TUNDRA I-FORCE MAX,"3.5L,V6,HYBRID TWIN-TURBO",,437,180 km/h,6.0,56000.0,Hybrid,5,750.0
TOYOTA,COROLLA HATCHBACK XSE,"2.0L,INLINE-4",,169,190 km/h,8.0,25390.0,Petrol,5,250.0
TOYOTA,MIRAI,"HYDROGEN FUEL CELL,ELECTRIC MOTOR",,152,180 km/h,9.0,49500.0,Hydrogen,5,335.0
TOYOTA,HILUX GR SPORT,"2.8L,TURBO,DIESEL",,224,170 km/h,10.0,50000.0,Petrol/Diesel,5,500.0
TOYOTA,ALPHARD EXECUTIVE LOUNGE,"2.5L,INLINE-4,HYBRID,OR 3.5L,V6",,296,180 km/h,8.0,60000.0,Petrol,7,400.0
TOYOTA,FORTUNER GR SPORT,"2.8L,TURBO,DIESEL",,204,175 km/h,10.0,55000.0,Diesel/Petrol,7,500.0
TOYOTA,INNOVA HYCROSS,2.0L HYBRID,,184,165 km/h,9.0,40000.0,Hybrid,7,250.0
TOYOTA,COASTER,"4.0L,DIESEL",,134,120 km/h,,70000.0,Diesel,20,500.0
TOYOTA,URBAN CRUISER TAISOR,"1.5L,HYBRID",,114,170 km/h,11.0,25000.0,Petrol,5,130.0
TOYOTA,AYGO X,"1.0L,INLINE-3",,71,160 km/h,14.0,18000.0,Petrol,4,93.0
TOYOTA,HILUX REVO ROCCO,"2.8L,TURBO,DIESEL",,204,175 km/h,10.0,50000.0,Diesel,5,500.0
TOYOTA,PROACE VERSO ELECTRIC,ELECTRIC MOTOR,,136,130 km/h,13.0,55000.0,Electric,7,280.0
TOYOTA,CENTURY SUV,"3.5L,V6,PLUG IN HYBRID",,406,200 km/h,6.0,170000.0,Petrol,5,500.0
TOYOTA,COROLLA SEDAN HYBRID,"1.8L,HYBRID",,134,180 km/h,10.0,24000.0,Hybrid,5,300.0
TOYOTA,BZ3,ELECTRIC MOTOR,,241,160 km/h,7.0,35000.0,Electric,5,340.0
TOYOTA,GR YARIS,"1.6L,TURBOCHARGED INLINE-3",,268,230 km/h,5.0,45000.0,Petrol,4,390.0
HYUNDAI,SANTA FE,1.6L PETROL + PLUG IN HYBRID SYSTEM,,253,180 km/h,9.0,50000.0,Petrol/Hybrid,7,420.0
HYUNDAI,IONIQ 5,ELECTRIC MOTOR,,225,185 km/h,7.0,41000.0,Electric,5,350.0
HYUNDAI,Santa Cruz,2.5L Turbocharged Inline-4,,281,215 km/h,6.0,40799.0,Petrol,5,400.0
HYUNDAI,Kona,1.6L PETROL ,,147,185 km/h,10.0,20500.0,Petrol/EV,5,400.0
HYUNDAI,Elantra,2.0L Inline-4,,147,210 km/h,8.0,19950.0,Petrol/Hybrid,5,250.0
Nissan,Urvan,2.5L Turbo Diese,,2488,140 km/h,14.0,28000.0,Diesel,15,356.0
HYUNDAI,IONIQ 6,Electric Motor,,320,185 km/h,5.0,41450.0,Electric,5,350.0
HYUNDAI,Tucson,2.5L Inline-4,,187,180 km/h,6.0,30500.0,Petrol/Hybrid,5,400.0
HYUNDAI,Palisade,3.8L V6,,291,240 km/h,6.0,52000.0,Petrol,7,355.0
HYUNDAI,Sonata,2.5L Inline-4,,191,240 km/h,8.0,25000.0,Petrol/Hybrid,5,250.0
HYUNDAI,Accent,1.6L Inline-4,,120,180 km/h,9.0,15000.0,Petrol,5,151.0
HYUNDAI,Venue,1.6L Inline-4,,121,180 km/h,9.0,18000.0,Petrol,5,240.0
HYUNDAI,KONA Electric,Electric Motor,,200,200 km/h,6.0,40000.0,Electric,5,395.0
HYUNDAI,Veloster,2.0L Inline-4,,275,220 km/h,6.0,25000.0,Petrol,4,264.0
HYUNDAI,NEXO,Electric Motor,,161,180 km/h,7.0,38000.0,Hydrogen,5,400.0
HYUNDAI,Ioniq,1.6L Inline-4,,139,160 km/h,8.0,18000.0,Hybrid/Electric,5,295.0
HYUNDAI,Genesis,3.8L V6,,291,240 km/h,6.0,52000.0,Petrol,5,400.0
HYUNDAI,Azera,3.3L V6,,278,240 km/h,6.0,55000.0,Petrol,5,250.0
HYUNDAI,Equus,3.3L V6,,278,240 km/h,6.0,55000.0,Petrol,5,400.0
HYUNDAI,Tiburon,2.0L Inline-4,,160,200 km/h,8.0,19000.0,Petrol,4,320.0
HYUNDAI,Elantra GT,1.6L Turbo GDI 4-cylinder,,160,200 km/h,8.0,22000.0,Petrol,5,320.0
Volkswagen,Golf,1.5L Turbo I4 / Electric,,110,210 km/h,8.0,23000.0,Petrol,5,250.0
Volkswagen,Passat,2.0L Turbo I4,,150,210 km/h,7.0,25000.0,Petrol,5,250.0
Volkswagen,Tiguan,2.0L Turbo I4,,150,209 km/h,8.0,28505.0,"Petrol, Hybrid",7,300.0
Volkswagen,Jetta,1.5L Turbo I4,,150,210 km/h,7.0,21995.0,Petrol,5,250.0
Volkswagen,Polo,1.0L Turbo I3 / 1.6L Diesel,,80,190 km/h,9.0,18000.0,Petrol,5,175.0
Volkswagen,Arteon,2.0L Turbo I4,,150,250 km/h,5.0,46000.0,Petrol,5,350.0
Volkswagen,ID.4,Electric,,201,160 km/h,7.0,39735.0,Electric,5,310.0
Volkswagen,Up!,Electric,,82,160 km/h,13.0,15000.0,Petrol,4,95.0
Volkswagen,Touareg,3.0L V6 Turbo Diesel / 4.0L V8,,231,235 km/h,5.0,55000.0,"Petrol, Diesel",5,600.0
Volkswagen,Scirocco,2.0L Turbo I4,,125,233 km/h,6.0,35000.0,Petrol,4,350.0
Volkswagen,Beetle,2.0L Turbo I4,,105,205 km/h,7.0,20000.0,Petrol,4,240.0
Volkswagen,Amarok,3.0L V6 Turbo Diesel,,163,180 km/h,7.0,40000.0,Diesel,5,550.0
Volkswagen,T-Roc,2.0L Turbo I4,,115,205 km/h,7.0,30000.0,Petrol,5,320.0
Volkswagen,Sharan,2.0L Turbo I4,,150,200 km/h,9.0,33000.0,"Petrol, Diesel",7,280.0
Volkswagen,Caddy,1.5L Turbo I4,,102,185 km/h,10.0,28000.0,"Petrol, Diesel",7,250.0
Nissan,NV1500,4.0L V6,,261,160 km/h,9.0,33000.0,Petrol,12,385.0
Volkswagen,Taigo,1.5L Turbo I4,,95,183 km/h,10.0,24000.0,Petrol,5,200.0
Volkswagen,California,2.0L Turbo I4,,150,180 km/h,13.0,70000.0,Diesel,7,340.0
Volkswagen,ID.3,Electric,,204,160 km/h,7.0,35000.0,Electric,5,310.0
Volkswagen,ID. Buzz,Electric,,204,145 km/h,10.0,59995.0,Electric,7,310.0
Volkswagen,Golf GTI,2.0L Turbo I4,,245,250 km/h,5.0,31965.0,Petrol,5,350.0
Volkswagen,Golf R,2.0L Turbo I4,,315,250 km/h,4.0,44640.0,Petrol,5,420.0
Volkswagen,Passat Alltrack,2.0L Turbo Diesel I4,,190,220 km/h,7.0,36000.0,Diesel,5,400.0
Volkswagen,Polo GTI,2.0L Turbo I4,,204,238 km/h,6.0,28000.0,Petrol,5,320.0
Volkswagen,Up! GTI,1.0L Turbo I3,,115,196 km/h,8.0,20000.0,Petrol,4,200.0
Volkswagen,T-Cross,1.0L Turbo I3 / 1.5L Turbo I4,,95,200 km/h,10.0,25000.0,Petrol,5,250.0
Volkswagen,ID.5,Electric,,174,180 km/h,8.0,45000.0,Electric,5,310.0
Volkswagen,ID. Buzz Cargo,Electric,,204,145 km/h,10.0,55000.0,Electric,3,310.0
Volkswagen,Touareg R,Plug-in Hybrid V6,,462,250 km/h,5.0,70000.0,Hybrid,5,700.0
Volkswagen,Multivan,Plug-in Hybrid / Diesel I4,,150,190 km/h,9.0,50000.0,"Petrol, Hybrid",7,350.0
Volkswagen,Polo BlueMotion,1.2L Diesel I3,,75,190 km/h,10.0,22000.0,Diesel,5,250.0
Volkswagen,Golf Sportsvan,1.5L Turbo I4,,130,210 km/h,8.0,30000.0,Petrol,5,250.0
Volkswagen,Golf Alltrack,2.0L Turbo Diesel I4,,147,210 km/h,7.0,35000.0,Petrol,5,350.0
Volkswagen,Scirocco R,2.0L Turbo I4,,280,250 km/h,5.0,40000.0,Petrol,4,350.0
Volkswagen,Tiguan Allspace,2.0L Turbo I4,,184,215 km/h,7.0,35000.0,Petrol,7,320.0
Volkswagen,Arteon 4MOTION,2.0L Turbo I4,,190,250 km/h,5.0,48000.0,Petrol,5,350.0
Volkswagen,ID.4 GTX,Electric AWD,,299,180 km/h,6.0,50000.0,Electric,5,460.0
Volkswagen,ID.3 Pro,Electric,,204,160 km/h,7.0,35000.0,Electric,5,310.0
Volkswagen,Golf Variant,1.5L Turbo I4 / 2.0L Diesel I4,,130,220 km/h,7.0,32000.0,Petrol,5,320.0
Volkswagen,Crafter,2.0L Turbo Diesel I4,,102,160 km/h,13.0,40000.0,Diesel,3,410.0
Volkswagen,Lupo,1.4L I3 Gas / 1.2L Diesel I3,,60,170 km/h,14.0,15000.0,Petrol,4,120.0
Volkswagen,Corrado,2.9L VR6,,190,235 km/h,6.0,25000.0,Petrol,4,245.0
Volkswagen,Phaeton,3.0L V6 Diesel / 6.0L W12 Gas,,240,250 km/h,6.0,85000.0,Petrol,5,560.0
Volkswagen,Golf Cabriolet,1.2L I4 Turbo / 2.0L I4 Turbo,,105,217 km/h,8.0,30000.0,Petrol,4,200.0
Volkswagen,Santana,1.5L I4 Gas,,110,190 km/h,12.0,15000.0,Petrol,5,145.0
Volkswagen,Polo Vivo,1.4L I4 Gas / 1.6L I4 Gas,,85,170 km/h,10.0,14000.0,Petrol,5,132.0
Volkswagen,Karmann Ghia,1.2L I4 Gas,,34,138 km/h,23.0,25000.0,Petrol,2,106.0
Volkswagen,Fox,1.2L I4 Gas / 1.4L I4 Gas,,55,148 km/h,17.0,12000.0,Petrol,5,93.0
Volkswagen,Vento,1.6L I4 Gas / Diesel,,105,186 km/h,11.0,18000.0,Petrol,5,153.0
Volkswagen,Golf Electric,Electric,,136,140 km/h,10.0,33000.0,Electric,5,290.0
Volkswagen,Bora,1.6L I4 Gas / 1.9L I4 Diesel,,100,200 km/h,9.0,20000.0,Petrol,5,220.0
Volkswagen,Teramont,2.0L I4 Turbo / 3.6L V6 Gas,,235,190 km/h,8.0,32000.0,Petrol,7,350.0
Volkswagen,Taos,1.5L I4 Turbo,,158,193 km/h,8.0,24000.0,Petrol,5,250.0
Volkswagen,Up! Cabriolet,1.0L I3 Turbo,,82,160 km/h,12.0,18000.0,Petrol,4,95.0
Volkswagen,T-Roc Cabriolet,1.0L I3 Turbo / 1.5L I4 Turbo,,115,205 km/h,9.0,35000.0,Petrol,4,250.0
Volkswagen,Passat CC,2.0L I4 Turbo,,200,240 km/h,7.0,40000.0,Petrol,5,280.0
Volkswagen,Transporter,2.0L I4 Turbo Diesel,,102,180 km/h,12.0,35000.0,Diesel,9,340.0
Volkswagen,Amarok V6,3.0L V6 Turbo Diesel,,204,191 km/h,7.0,45000.0,Diesel,5,580.0
Volkswagen,ID.2,Electric,,170,160 km/h,8.0,25000.0,Electric,5,220.0
Volkswagen,Polo TDI,1.4L I4 Diesel / 1.6L Diesel,,75,190 km/h,9.0,20000.0,Diesel,5,250.0
Volkswagen,Golf GTE,Plug-in Hybrid (1.4L I4 Turbo),,204,222 km/h,7.0,40000.0,Hybrid,5,350.0
Volkswagen,Touareg V8,4.0L V8 Turbo Diesel,,421,250 km/h,4.0,70000.0,Petrol,5,770.0
Volkswagen,Beetle Dune,1.4L I4 Turbo,,150,200 km/h,7.0,30000.0,Petrol,4,250.0
Volkswagen,Passat B8,1.5L I4 Turbo / 2.0L Diesel,,150,210 km/h,8.0,28000.0,Petrol,5,250.0
Volkswagen,ID.4 Pro S,Electric,,201,180 km/h,7.0,45000.0,Electric,5,310.0
Volkswagen,Golf Cabriolet,1.2L I4 Turbo / 2.0L I4 Turbo,,105,217 km/h,8.0,30000.0,Petrol,4,200.0
Volkswagen,Golf Country,1.8L I4 Gas,,98,165 km/h,12.0,25000.0,Petrol,5,170.0
Volkswagen,Jetta GLI,2.0L I4 Turbo,,228,250 km/h,6.0,31000.0,Petrol,5,350.0
Volkswagen,Arteon Shooting Brake,2.0L I4 Turbo,,150,250 km/h,5.0,50000.0,Petrol,5,420.0
Volkswagen,T-Cross R-Line,1.0L I3 Turbo / 1.5L I4 Turbo,,115,200 km/h,8.0,27000.0,Petrol,5,250.0
Volkswagen,Golf R32,3.2L VR6,,240,250 km/h,6.0,40000.0,Petrol,5,320.0
Volkswagen,Passat B7,1.6L Diesel / 2.0L I4 Turbo,,120,220 km/h,8.0,26000.0,Petrol,5,280.0
Volkswagen,Scirocco 16V,1.8L I4 Gas,,137,220 km/h,7.0,35000.0,Petrol,4,230.0
Volkswagen,Polo BlueMotion,1.2L Diesel I3,,75,190 km/h,10.0,20000.0,Diesel,5,210.0
Volkswagen,Golf Variant GTD,2.0L Diesel I4,,184,230 km/h,7.0,38000.0,Diesel,5,380.0
Volkswagen,Polo GTI R5,1.6L Turbocharged Rally Engine,,272,200 km/h,4.0,45000.0,Petrol,5,400.0
Volkswagen,ID. Buzz Pro,Electric,,204,145 km/h,10.0,60000.0,Electric,7,310.0
Volkswagen,Jetta Hybrid,1.4L I4 Turbo + Electric Motor,,170,210 km/h,8.0,28000.0,Hybrid,5,250.0
Volkswagen,Golf Variant Alltrack,2.0L Diesel I4,,150,220 km/h,7.0,35000.0,Petrol,5,320.0
Volkswagen,Volkswagen XL1,Plug-in Hybrid (0.8L I2 Diesel),,68,160 km/h,11.0,150000.0,Hybrid,2,140.0
Volkswagen,Golf TDI,2.0L Diesel I4,,150,220 km/h,8.0,28000.0,Diesel,5,350.0
Volkswagen,Passat Variant,1.5L I4 Turbo / 2.0L Diesel,,150,220 km/h,8.0,30000.0,Petrol,5,280.0
Volkswagen,Polo GTI Clubsport,2.0L I4 Turbo,,300,240 km/h,6.0,30000.0,Petrol,5,320.0
Volkswagen,Jetta Hybrid,1.4L I4 Turbo + Electric Motor,,170,210 km/h,8.0,28000.0,Hybrid,5,250.0
Volkswagen,ID.3 GTX,Electric,,299,180 km/h,6.0,45000.0,Electric,5,310.0
Volkswagen,Arteon R-Line,2.0L I4 Turbo,,190,250 km/h,5.0,50000.0,Petrol,5,420.0
Volkswagen,Golf TGI,1.5L I4 CNG,,130,220 km/h,8.0,30000.0,Petrol,5,200.0
Volkswagen,Scirocco GTS,2.0L I4 Turbo,,220,246 km/h,6.0,35000.0,Petrol,4,350.0
Volkswagen,Caddy Maxi,2.0L Diesel I4,,122,180 km/h,12.0,25000.0,Diesel,7,250.0
Volkswagen,Volkswagen Lupo 3L,1.2L Diesel I3,,61,165 km/h,14.0,20000.0,Diesel,4,140.0
Volkswagen,Polo Beats,1.0L I3 Turbo,,95,187 km/h,9.0,22000.0,Petrol,5,175.0
Volkswagen,Passat Hybrid,1.4L I4 Turbo + Electric Motor,,215,210 km/h,7.0,32000.0,Hybrid,5,330.0
Volkswagen,Golf TCR,2.0L I4 Turbo,,290,250 km/h,5.0,40000.0,Petrol,5,370.0
Volkswagen,Tiguan R-Line,2.0L I4 Turbo,,190,250 km/h,4.0,45000.0,Petrol,5,420.0
Volkswagen,Sharan Business,2.0L Diesel I4,,150,200 km/h,8.0,35000.0,Diesel,7,350.0
Volkswagen,ID. Buzz Cargo Pro,Electric,,204,145 km/h,10.0,55000.0,Electric,2,310.0
Volkswagen,Arteon 280 TSI,2.0L I4 Turbo,,280,250 km/h,5.0,50000.0,Petrol,5,350.0
Volkswagen,Jetta GLI 35th,2.0L I4 Turbo,,228,250 km/h,6.0,31000.0,Petrol,5,350.0
Volkswagen,Beetle Final Edition,2.0L I4 Turbo,,174,205 km/h,7.0,25000.0,Petrol,4,250.0
Volkswagen,Golf Variant TDI,2.0L Diesel I4,,150,220 km/h,7.0,30000.0,Diesel,5,350.0
Volkswagen,Golf 4MOTION,2.0L Diesel I4,,150,250 km/h,4.0,40000.0,Petrol,5,400.0
Volkswagen,Jetta SportWagen,1.4L I4 Turbo / 2.0L Diesel I4,,147,200 km/h,8.0,27000.0,Petrol,5,250.0
Volkswagen,Polo GTI Plus,2.0L I4 Turbo,,207,237 km/h,6.0,30000.0,Petrol,5,320.0
Volkswagen,Touareg V6,3.0L V6 Turbo Diesel / Gasoline,,231,235 km/h,7.0,60000.0,Petrol,5,450.0
Volkswagen,Tiguan eHybrid,1.4L I4 Turbo + Electric Motor,,245,200 km/h,7.0,42000.0,Hybrid,5,400.0
Volkswagen,Up! e-up!,Electric,,83,130 km/h,11.0,23000.0,Electric,4,210.0
Volkswagen,Amarok V8,4.0L V8 Turbo Diesel,,310,210 km/h,7.0,70000.0,Diesel,5,580.0
Volkswagen,Golf R Cabriolet,2.0L I4 Turbo,,265,250 km/h,5.0,45000.0,Petrol,4,380.0
Volkswagen,Passat Alltrack TDI,2.0L Diesel I4,,190,220 km/h,8.0,40000.0,Diesel,5,400.0
Volkswagen,ID. Buzz Cargo EV,Electric,,204,145 km/h,10.0,55000.0,Electric,2,310.0
Nissan,Versa,1.6L Inline-4,,122,180 km/h,10.0,16700.0,Petrol,5,154.0
Nissan,Micra,1.0L Turbocharged Inline-3,,100,175 km/h,10.0,15500.0,Petrol,5,160.0
Nissan,Patrol Platinum,5.6L V8,,400,210 km/h,7.0,77000.0,Petrol,7,560.0
Nissan,Qashqai,1.3L Turbocharged Inline-4,,156,195 km/h,8.0,26000.0,Petrol,5,260.0
Nissan,Murano,3.5L V6,,260,210 km/h,7.0,39000.0,Petrol,5,325.0
Nissan,Maxima Platinum,3.5L V6,,300,220 km/h,6.0,45000.0,Petrol,5,353.0
Nissan,Armada,5.6L V8,,400,210 km/h,6.0,51000.0,Petrol,8,560.0
Nissan,Kicks,1.6L Inline-4,,122,180 km/h,10.0,20000.0,Petrol,5,154.0
Nissan,X-Trail,1.5L Turbocharged Inline-3,,201,200 km/h,8.0,29000.0,Hybrid,5,305.0
Nissan,Z (Fairlady Z),3.0L Twin-Turbo V6,,400,250 km/h,4.0,40000.0,Petrol,2,475.0
Nissan,Almera,1.0L Turbocharged Inline-3,,100,185 km/h,10.0,14500.0,Petrol,5,160.0
Nissan,Sylphy,1.8L Inline-4,,137,190 km/h,9.0,18000.0,Petrol,5,174.0
Nissan,Note,1.2L Inline-3 Hybrid,,109,170 km/h,11.0,16000.0,Hybrid,5,150.0
Nissan,Sunny,1.6L Inline-4,,118,180 km/h,11.0,15000.0,Petrol,5,156.0
Nissan,Cube,1.8L Inline-4,,122,175 km/h,10.0,14500.0,Petrol,5,171.0
Nissan,Juke,1.0L Turbocharged Inline-3,,117,180 km/h,10.0,25000.0,Petrol,5,180.0
Nissan,Terrano,1.5L Inline-4 Diesel,,110,168 km/h,13.0,15500.0,Diesel,5,248.0
Nissan,Magnite,1.0L Turbocharged Inline-3,,100,160 km/h,13.0,12000.0,Petrol,5,160.0
Nissan,Xterra,4.0L V6,,261,200 km/h,7.0,35000.0,Petrol,7,381.0
Nissan,Patrol,5.6L V8,,400,210 km/h,7.0,77000.0,Petrol,7,560.0
Nissan,GT-R NISMO,3.8L Twin-Turbo V6,,600,330 km/h,2.0,220000.0,Petrol,2,652.0
Nissan,370Z Roadster,3.7L V6,,332,250 km/h,5.0,41820.0,Petrol,2,366.0
Nissan,Ariya ,Dual Electric Motors,,389,200 km/h,5.0,58950.0,Electric,5,600.0
Nissan,Patrol Royale,5.6L V8,,400,210 km/h,6.0,85000.0,Petrol,7,560.0
Nissan,Infiniti QX80*,5.6L V8,,400,210 km/h,6.0,70600.0,Petrol,7,560.0
Nissan,Tiida,1.6L Inline-4,,126,190 km/h,10.0,14500.0,Petrol,5,154.0
Nissan,Pulsar,1.2L Turbocharged Inline-4,,115,190 km/h,10.0,19000.0,Petrol,5,190.0
Nissan,Latio,1.5L Inline-4,,102,175 km/h,11.0,13000.0,Petrol,5,139.0
Nissan,Bluebird Sylphy,2.0L Inline-4,,133,185 km/h,10.0,18500.0,Petrol,5,191.0
Nissan,March,1.2L Inline-3,,79,170 km/h,13.0,12000.0,Petrol,5,106.0
Nissan,Rogue Sport,2.0L Inline-4,,141,190 km/h,9.0,24960.0,Petrol,5,199.0
Nissan,X-Trail Hybrid,2.0L Inline-4 Hybrid,,179,180 km/h,9.0,28500.0,Hybrid,5,207.0
Nissan,Pathfinder Rock Creek,3.5L V6,,284,190 km/h,7.0,42820.0,Petrol,7,351.0
Nissan,Armada Platinum,5.6L V8,,400,210 km/h,6.0,65300.0,Petrol,8,560.0
Nissan,Terrano XL,1.6L Inline-4,,104,165 km/h,12.0,14000.0,Petrol,5,145.0
Nissan,GT-R50 by Italdesign,3.8L Twin-Turbo V6,,720,315 km/h,2.0,1100000.0,Petrol,2,780.0
Nissan,370Z NISMO,3.7L V6,,350,250 km/h,5.0,45790.0,Petrol,2,374.0
Nissan,Ariya E-4ORCE,Dual Electric Motors,,389,200 km/h,5.0,60000.0,Electric,5,600.0
Nissan,Patrol NISMO,5.6L V8,,428,210 km/h,6.0,105000.0,Petrol,7,560.0
Nissan,Infiniti Q60*,3.0L V6 Twin-Turbo,,300,250 km/h,5.0,41750.0,Petrol,4,400.0
Nissan,Primera,2.0L Inline-4,,140,200 km/h,9.0,20000.0,Petrol,5,190.0
Nissan,Skyline,3.0L V6 Twin-Turbo,,400,250 km/h,5.0,50000.0,Petrol,5,475.0
Nissan,Cedric,2.0L Inline-6,,150,190 km/h,10.0,22000.0,Petrol,5,190.0
Nissan,Gloria,2.5L V6,,210,210 km/h,8.0,30000.0,Petrol,5,250.0
Nissan,Stanza,1.8L Inline-4,,120,175 km/h,11.0,18500.0,Petrol,5,170.0
Nissan,Patrol Super Safari,4.8L Inline-6,,280,190 km/h,8.0,55000.0,Petrol,7,451.0
Nissan,Pathfinder Hybrid,2.5L Inline-4 Hybrid,,250,190 km/h,7.0,42500.0,Hybrid,7,329.0
Nissan,X-Terra Pro-4X,2.5L Inline-4,,190,175 km/h,10.0,40000.0,Petrol,7,240.0
Nissan,Rogue Platinum,1.5L Turbo Inline-3,,201,180 km/h,8.0,38000.0,Petrol,5,300.0
Nissan,Qashqai Tekna,1.3L Turbo Hybrid Inline-4,,158,190 km/h,9.0,36000.0,Hybrid,5,270.0
Nissan,GT-R V-Spec,3.8L Twin-Turbo V6,,600,330 km/h,2.0,175000.0,Petrol,2,652.0
Nissan,Skyline NISMO,3.0L Twin-Turbo V6,,420,270 km/h,4.0,55000.0,Petrol,5,475.0
Nissan,Ariya Lounge Edition,Dual Electric Motors,,389,200 km/h,5.0,63000.0,Electric,5,600.0
Nissan,Patrol Titanium,5.6L V8,,428,210 km/h,6.0,98000.0,Petrol,7,560.0
Nissan,Infiniti FX50*,5.0L V8,,390,250 km/h,5.0,61750.0,Petrol,5,500.0
Nissan,Avenir,2.0L Inline-4,,140,180 km/h,9.0,20000.0,Petrol,5,186.0
Nissan,Wingroad,1.8L Inline-4,,125,175 km/h,10.0,18000.0,Petrol,5,168.0
Nissan,Presea,1.8L Inline-4,,115,170 km/h,11.0,17500.0,Petrol,5,161.0
Nissan,Leopard,3.0L V6,,210,200 km/h,8.0,32000.0,Petrol,5,265.0
Nissan,Sunny NISMO Edition,1.6L Turbo Inline-4,,190,200 km/h,7.0,24000.0,Petrol,5,240.0
Nissan,Paladin,2.4L Inline-4,,150,180 km/h,10.0,20000.0,Petrol,5,217.0
Nissan,Hardbody SUV,2.5L Inline-4,,158,175 km/h,11.0,18500.0,Petrol,5,225.0
Nissan,Patrol Desert Edition,5.6L V8,,428,210 km/h,6.0,95000.0,Petrol,7,560.0
Nissan,Pathfinder Armada,5.6L V8,,400,200 km/h,6.0,60000.0,Petrol,7,560.0
Nissan,Rogue Midnight Edition,1.5L Turbo Inline-3,,201,180 km/h,8.0,39000.0,Petrol,5,300.0
Nissan,GT-R Black Edition,3.8L Twin-Turbo V6,,600,330 km/h,2.0,185000.0,Petrol,2,652.0
Nissan,Fairlady Z Heritage,3.0L Twin-Turbo V6,,400,250 km/h,4.0,48000.0,Petrol,2,475.0
Nissan,Skyline GT-R R34,2.6L Twin-Turbo Inline-6,,276,250 km/h,5.0,70000.0,Petrol,4,392.0
Nissan,Ariya Premiere,Dual Electric Motors,,389,200 km/h,5.0,67000.0,Electric,5,600.0
Nissan,Infiniti QX55*,2.0L VC-Turbo Inline-4,,268,230 km/h,6.0,50000.0,Petrol,5,380.0
Nissan,NV350 Caravan,2.5L Inline-4 Diesel,,129,155 km/h,12.0,28000.0,Diesel,8,356.0
Nissan,Navara,2.3L Inline-4 Diesel,,190,180 km/h,10.0,32000.0,Diesel,5,450.0
Nissan,Titan XD,5.6L V8,,400,195 km/h,6.0,55000.0,Petrol,6,560.0
Nissan,Evalia,1.5L Inline-4 Diesel,,85,140 km/h,15.0,25000.0,Diesel,7,200.0
Nissan,Cabstar,2.5L Inline-4 Diesel,,130,145 km/h,14.0,27000.0,Diesel,3,350.0
Nissan,Cherry,1.4L Inline-4,,67,145 km/h,14.0,14000.0,Petrol,5,110.0
Nissan,Laurel,2.8L Inline-6 Diesel,,94,160 km/h,12.0,22000.0,Diesel,5,184.0
Nissan,Silvia,2.0L Turbo Inline-4,,247,235 km/h,5.0,45000.0,Petrol,4,275.0
Nissan,NX Coupe,2.0L Inline-4,,140,200 km/h,9.0,22000.0,Petrol,4,180.0
Nissan,AD Wagon,1.5L Inline-4,,105,165 km/h,12.0,16000.0,Petrol,5,150.0
Nissan,Patrol Super Safari Y61,4.8L Inline-6,,280,190 km/h,8.0,58000.0,Petrol,7,451.0
Nissan,Pathfinder Rock Creek Edition,3.5L V6,,284,195 km/h,7.0,44000.0,Petrol,7,351.0
Nissan,Terrano II,2.7L Inline-4 Diesel,,125,160 km/h,12.0,28000.0,Diesel,5,278.0
Nissan,Murano CrossCabriolet,3.5L V6,,260,195 km/h,7.0,47000.0,Petrol,4,325.0
Nissan,X-Trail Tekna,1.5L Turbo Hybrid,,204,190 km/h,8.0,43000.0,Hybrid,5,305.0
Nissan,GT-R LM NISMO,3.0L Twin-Turbo V6 Hybrid,,500,320 km/h,3.0,600000.0,Hybrid,2,650.0
Nissan,Skyline 400R,3.0L Twin-Turbo V6,,400,250 km/h,4.0,70000.0,Petrol,5,475.0
Nissan,Infiniti G37*,3.7L V6,,328,250 km/h,5.0,42000.0,Petrol,5,365.0
Nissan,Patrol Black Edition,5.6L V8,,400,200 km/h,6.0,85000.0,Petrol,7,560.0
Nissan,Ariya Empower+,Dual Electric Motors,,389,200 km/h,5.0,68000.0,Electric,5,600.0
Nissan,Datsun 510 (Classic),1.6L Inline-4,,96,175 km/h,10.0,25000.0,Petrol,4,135.0
Nissan,200SX,2.0L Turbo Inline-4,,200,240 km/h,7.0,30000.0,Petrol,4,265.0
Nissan,300ZX,3.0L Twin-Turbo V6,,300,250 km/h,5.0,50000.0,Petrol,4,384.0
Nissan,R390 GT1 Road Car,3.5L Twin-Turbo V8,,550,354 km/h,3.0,1000000.0,Petrol,2,637.0
Nissan,Figaro,1.0L Turbo Inline-4,,76,170 km/h,12.0,20000.0,Petrol,4,103.0
Nissan,Hardbody Truck,2.4L Inline-4,,134,160 km/h,10.0,25000.0,Petrol,5,206.0
Nissan,Atlas,3.0L Inline-4 Diesel,,130,130 km/h,18.0,35000.0,Diesel,3,300.0
Nissan,Clipper,660cc Inline-3,,48,110 km/h,18.0,10000.0,Petrol,4,62.0
Nissan,NV200,2.0L Inline-4,,131,140 km/h,14.0,28000.0,Petrol,7,188.0
Nissan,Violet,1.8L Inline-4,,85,155 km/h,13.0,18000.0,Petrol,5,130.0
Nissan,Bluebird Z,2.0L Inline-4,,140,190 km/h,11.0,23000.0,Petrol,5,180.0
Nissan,Stanza Wagon,2.4L Inline-4,,138,160 km/h,12.0,22000.0,Petrol,7,205.0
Nissan,180SX,2.0L Turbo Inline-4,,205,240 km/h,6.0,35000.0,Petrol,4,275.0
Nissan,Sunny California,1.6L Inline-4,,110,170 km/h,11.0,18000.0,Petrol,5,140.0
Nissan,Patrol Warrior,5.6L V8,,428,205 km/h,6.0,95000.0,Petrol,7,580.0
Nissan,Pathfinder Armada Platinum,5.6L V8,,400,190 km/h,6.0,70000.0,Petrol,7,560.0
Nissan,Rogue Sport SL,2.0L Inline-4,,141,190 km/h,9.0,32000.0,Petrol,5,195.0
Nissan,X-Trail Platinum Edition,1.5L Turbo Hybrid,,204,190 km/h,8.0,46000.0,Hybrid,5,305.0
Nissan,Qashqai e-Power,1.5L Hybrid,,187,200 km/h,7.0,40000.0,Hybrid,5,330.0
Nissan,GT-R Egoist,3.8L Twin-Turbo V6,,565,315 km/h,2.0,220000.0,Petrol,2,637.0
Nissan,Infiniti M45*,4.5L V8,,325,250 km/h,5.0,50000.0,Petrol,5,451.0
Nissan,Skyline 50th Anniversary,3.0L Twin-Turbo V6,,400,250 km/h,4.0,75000.0,Petrol,5,475.0
Nissan,Ariya Dual Motor AWD,Dual Electric Motors,,389,200 km/h,5.0,70000.0,Electric,5,600.0
Nissan,Patrol Legend Edition,5.6L V8,,428,205 km/h,6.0,95000.0,Petrol,7,580.0
Nissan,Datsun 240Z (Classic),2.4L Inline-6,,151,210 km/h,8.0,45000.0,Petrol,2,198.0
Nissan,100NX,1.6L Inline-4,,110,185 km/h,9.0,18000.0,Petrol,4,135.0
Nissan,Cedric Special Edition,3.0L V6,,250,225 km/h,8.0,60000.0,Petrol,5,330.0
Nissan,300ZX Turbo,3.0L Twin-Turbo V6,,300,250 km/h,5.0,55000.0,Petrol,4,384.0
Nissan,Silvia S15 Spec-R,2.0L Turbo Inline-4,,250,240 km/h,5.0,35000.0,Petrol,4,300.0
Nissan,NV400,2.3L Inline-4 Diesel,,135,150 km/h,15.0,40000.0,Diesel,3,360.0
Nissan,Titan Warrior,5.6L V8,,400,180 km/h,7.0,55000.0,Petrol,5,560.0
Nissan,Caravan Coach,2.5L Inline-4 Diesel,,127,140 km/h,14.0,30000.0,Diesel,7,260.0
Nissan,Serena e-Power,1.2L Hybrid,,134,160 km/h,12.0,35000.0,Hybrid,7,320.0
Nissan,Elgrand,3.5L V6,,280,200 km/h,8.0,50000.0,Petrol,7,344.0
Nissan,Datsun 510,1.6L Inline-4,,96,175 km/h,10.0,25000.0,Petrol,4,135.0
Nissan,Prairie,2.0L Inline-4,,120,175 km/h,11.0,18000.0,Petrol,5,170.0
Nissan,Pulsar GTI-R,2.0L Turbo Inline-4,,230,225 km/h,6.0,30000.0,Petrol,5,280.0
Nissan,Almera Tino,1.8L Inline-4,,114,180 km/h,12.0,15000.0,Petrol,5,160.0
Nissan,Lucino,1.6L Inline-4,,115,185 km/h,10.0,12000.0,Petrol,5,150.0
Nissan,Rasheen,1.5L Inline-4,,105,165 km/h,13.0,10000.0,Petrol,5,135.0
Nissan,Mistral,2.7L Turbo Diesel,,125,160 km/h,12.0,25000.0,Diesel,7,260.0
Nissan,Patrol Y60,4.2L Inline-6,,155,160 km/h,12.0,45000.0,Diesel,7,330.0
Nissan,X-Trail GT,2.0L Turbo Inline-4,,280,215 km/h,6.0,38000.0,Petrol,5,310.0
Nissan,Terrano Regulus,3.3L V6,,170,175 km/h,10.0,28000.0,Petrol,5,290.0
Nissan,President,4.5L V8,,280,210 km/h,7.0,70000.0,Petrol,5,400.0
Nissan,Cima,4.1L V8,,270,210 km/h,8.0,60000.0,Petrol,5,390.0
Nissan,Leopard J. Ferie,3.0L V6 Turbo,,255,215 km/h,6.0,45000.0,Petrol,5,340.0
Nissan,Gloria Gran Turismo,3.0L V6 Turbo,,255,220 km/h,6.0,50000.0,Petrol,5,340.0
Nissan,Infiniti Q45*,4.5L V8,,340,240 km/h,6.0,50000.0,Petrol,5,450.0
Nissan,Datsun 240Z,2.4L Inline-6,,151,210 km/h,8.0,45000.0,Petrol,2,198.0
Nissan,280ZX,2.8L Inline-6,,145,205 km/h,9.0,35000.0,Petrol,2,210.0
Nissan,Silvia S13,1.8L Turbo Inline-4,,175,215 km/h,6.0,20000.0,Petrol,4,230.0
Nissan,200SX,2.0L Turbo Inline-4,,200,225 km/h,7.0,25000.0,Petrol,4,260.0
Nissan,NX Coupe,1.8L Inline-4,,140,200 km/h,9.0,18000.0,Petrol,4,180.0
Nissan,NV2500,4.0L V6,,261,160 km/h,10.0,36000.0,Petrol,2,385.0
Nissan,NV3500,5.6L V8,,375,170 km/h,9.0,42000.0,Petrol,2,525.0
Nissan,NT400 Cabstar,3.0L Inline-4 Diesel,,150,140 km/h,15.0,35000.0,Diesel,3,350.0
Porsche,Panamera,2.9L V6 Twin Turbo,,330,270 km/h,5.0,88000.0,Petrol,4,450.0
Porsche,Panamera 4,2.9L V6 Twin Turbo,,330,270 km/h,5.0,92000.0,Petrol,4,450.0
Porsche,Panamera 4S,2.9L V6 Twin Turbo,,440,289 km/h,4.0,105000.0,Petrol,4,550.0
Porsche,Panamera Turbo S,4.0L V8 Twin Turbo,,620,315 km/h,3.0,180000.0,Petrol,4,820.0
Porsche,Panamera GTS,4.0L V8 Twin Turbo,,473,300 km/h,3.0,130000.0,Petrol,4,620.0
Porsche,Panamera Platinum Edition,2.9L V6 Twin Turbo,,330,270 km/h,5.0,102000.0,Petrol,4,450.0
Porsche,Panamera E-Hybrid,2.9L V6 + Electric Motor,,455,280 km/h,4.0,115000.0,Hybrid (Petrol),4,700.0
Porsche,Panamera 4 E-Hybrid Sport Turismo,2.9L V6 + Electric Motor,,455,280 km/h,4.0,120000.0,Hybrid (Petrol),4,700.0
Porsche,Panamera Turbo S E-Hybrid,4.0L V8 + Electric Motor,,690,315 km/h,3.0,190000.0,Hybrid (Petrol),4,870.0
Porsche,Panamera 4 Executive,2.9L V6 Twin Turbo,,330,270 km/h,5.0,95000.0,Petrol,4,450.0
Porsche,Cayenne,3.0L V6 Turbo,,335,245 km/h,5.0,80000.0,Petrol,5,450.0
Porsche,Cayenne Coupe,3.0L V6 Turbo,,335,245 km/h,6.0,85000.0,Petrol,5,450.0
Porsche,Cayenne S,2.9L V6 Twin Turbo,,434,265 km/h,5.0,95000.0,Petrol,5,550.0
Porsche,Cayenne Turbo,4.0L V8 Twin Turbo,,541,286 km/h,4.0,130000.0,Petrol,5,770.0
Porsche,Cayenne GTS,4.0L V8 Twin Turbo,,453,270 km/h,4.0,110000.0,Petrol,5,620.0
Porsche,Cayenne Turbo S E-Hybrid,4.0L V8 + Electric Motor,,670,295 km/h,3.0,170000.0,Hybrid (Petrol),5,900.0
Porsche,Macan,2.0L I4 Turbo,,261,232 km/h,6.0,60000.0,Petrol,5,400.0
Porsche,Macan S,2.9L V6 Twin Turbo,,375,259 km/h,4.0,75000.0,Petrol,5,520.0
Porsche,Macan GTS,2.9L V6 Twin Turbo,,434,272 km/h,4.0,85000.0,Petrol,5,550.0
Porsche,Macan T,2.0L I4 Turbo,,261,232 km/h,6.0,65000.0,Petrol,5,400.0
Porsche,911 Carrera,3.0L Flat-6 Twin Turbo,,379,293 km/h,4.0,110000.0,Petrol,4,450.0
Porsche,911 Carrera S,3.0L Twin-Turbo Flat-6,,443,308 km/h,3.0,131300.0,Petrol,4,528.0
Porsche,911 Carrera 4,3.0L Twin-Turbo Flat-6,,379,293 km/h,4.0,106500.0,Petrol,4,450.0
Porsche,911 Carrera 4S,3.0L Twin-Turbo Flat-6,,443,306 km/h,3.0,113300.0,Petrol,4,528.0
Porsche,911 Targa 4,3.0L Twin-Turbo Flat-6,,379,289 km/h,4.0,121300.0,Petrol,4,450.0
Porsche,911 Turbo,3.8L Twin-Turbo Flat-6,,572,320 km/h,2.0,197200.0,Petrol,4,750.0
Porsche,911 Turbo S,3.8L Twin-Turbo Flat-6,,640,330 km/h,2.0,230400.0,Petrol,4,800.0
Porsche,911 GT3,4.0L Naturally Aspirated Flat-6,,502,318 km/h,3.0,161100.0,Petrol,2,469.0
Porsche,911 GT3 RS,4.0L Naturally Aspirated Flat-6,,518,296 km/h,3.0,241300.0,Petrol,2,465.0
Porsche,911 Dakar,3.0L Twin-Turbo Flat-6,,473,240 km/h,3.0,222000.0,Petrol,2,570.0
Porsche,Taycan,Dual Electric Motors,,402,230 km/h,5.0,86700.0,Electric,4,344.0
Porsche,Taycan 4S,Dual Electric Motors,,522,250 km/h,4.0,103800.0,Electric,4,640.0
Porsche,Taycan Turbo,Dual Electric Motors,,670,260 km/h,3.0,150900.0,Electric,4,850.0
Porsche,Taycan Turbo S,Dual Electric Motors,,750,260 km/h,2.0,185000.0,Electric,4,1050.0
Porsche,Taycan GTS,Dual Electric Motors,,590,250 km/h,3.0,132750.0,Electric,4,850.0
Porsche,Taycan Cross Turismo,Dual Electric Motors,,469,220 km/h,4.0,97700.0,Electric,5,500.0
Porsche,Taycan Sport Turismo,Dual Electric Motors,,509,240 km/h,4.0,104000.0,Electric,5,650.0
Porsche,718 Cayman,2.0L Turbocharged Flat-4,,300,275 km/h,4.0,63400.0,Petrol,2,380.0
Porsche,718 Cayman S,2.5L Turbocharged Flat-4,,350,285 km/h,4.0,75400.0,Petrol,2,420.0
Porsche,718 Cayman GT4,4.0L Naturally Aspirated Flat-6,,414,302 km/h,4.0,100200.0,Petrol,2,420.0
Porsche,718 Cayman GT4 RS,4.0L Naturally Aspirated Flat-6,,493,315 km/h,3.0,141700.0,Petrol,2,450.0
Porsche,718 Boxster,2.0L Turbo Flat-4,,300,275 km/h,4.0,65500.0,Petrol,2,380.0
Porsche,718 Boxster T,2.0L Turbo Flat-4,,300,275 km/h,4.0,69600.0,Petrol,2,380.0
Porsche,718 Boxster GTS,4.0L Naturally Aspirated Flat-6,,394,293 km/h,4.0,90300.0,Petrol,2,430.0
Porsche,718 Spyder,4.0L Naturally Aspirated Flat-6,,414,301 km/h,4.0,98300.0,Petrol,2,420.0
Porsche,Panamera Base,2.9L Twin-Turbo V6,,325,265 km/h,5.0,92300.0,Petrol,4,450.0
Porsche,Panamera 4 E-Hybrid,2.9L Twin-Turbo V6 + Electric Motor,,462,280 km/h,4.0,113300.0,Hybrid,4,700.0
Porsche,Panamera 4 Sport Turismo,2.9L Twin-Turbo V6,,325,265 km/h,5.0,101400.0,Petrol,4,450.0
Porsche,Panamera Turbo S E-Hybrid Sport Turismo,4.0L Twin-Turbo V8 + Electric Motor,,690,315 km/h,3.0,200200.0,Hybrid,4,870.0
Porsche,Panamera 4S E-Hybrid Executive,2.9L Twin-Turbo V6 + Electric Motor,,560,295 km/h,3.0,128900.0,Hybrid,4,750.0
Porsche,Panamera Platinum Edition,2.9L Twin-Turbo V6,,325,265 km/h,5.0,98300.0,Petrol,4,450.0
Porsche,Panamera GTS Sport Turismo,4.0L Twin-Turbo V8,,473,300 km/h,3.0,136900.0,Petrol,4,620.0
Porsche,Panamera Turbo Executive,4.0L Twin-Turbo V8,,550,306 km/h,3.0,175200.0,Petrol,4,770.0
Porsche,Panamera Turbo S Exclusive Series,4.0L Twin-Turbo V8,,570,310 km/h,3.0,290000.0,Petrol,4,800.0
Porsche,Panamera 4S ,2.9L Twin-Turbo V6,,443,289 km/h,4.0,105000.0,Petrol,4,550.0
Porsche,Macan Base,2.0L Turbo Inline-4,,265,232 km/h,6.0,58000.0,Petrol,5,400.0
Porsche,Macan T,2.0L Turbo Inline-4,,265,233 km/h,6.0,63000.0,Petrol,5,400.0
Porsche,Macan S,2.9L Twin-Turbo V6,,375,259 km/h,4.0,70400.0,Petrol,5,520.0
Porsche,Macan GTS,2.9L Twin-Turbo V6,,434,272 km/h,4.0,82900.0,Petrol,5,550.0
Porsche,Macan EV ,Dual Electric Motors,,603,240 km/h,4.0,85000.0,Electric,5,750.0
Porsche,Cayenne Base,3.0L Turbocharged V6,,335,245 km/h,5.0,72200.0,Petrol,5,450.0
Porsche,Cayenne E-Hybrid,3.0L V6 + Electric Motor,,455,253 km/h,4.0,91000.0,Hybrid,5,700.0
Porsche,Cayenne S Coupe,2.9L Twin-Turbo V6,,434,263 km/h,4.0,94300.0,Petrol,4,550.0
Porsche,Cayenne Turbo GT,4.0L Twin-Turbo V8,,631,300 km/h,3.0,182150.0,Petrol,4,850.0
Porsche,Cayenne Platinum Edition,3.0L Turbocharged V6,,335,245 km/h,5.0,79000.0,Petrol,5,450.0
Porsche,Cayenne Turbo S E-Hybrid Coupe,4.0L Twin-Turbo V8 + Electric Motor,,670,295 km/h,3.0,167800.0,Hybrid,4,900.0
Porsche,Cayenne GTS Coupe,4.0L Twin-Turbo V8,,453,270 km/h,4.0,111200.0,Petrol,4,620.0
Porsche,Cayenne Diesel (Regional Markets),3.0L Turbo Diesel V6,,262,221 km/h,7.0,69000.0,Diesel,5,580.0
Porsche,Cayenne S Hybrid,3.0L V6 + Electric Motor,,380,242 km/h,6.0,85500.0,Hybrid,5,580.0
Porsche,Cayenne Coupe Turbo E-Hybrid,4.0L Twin-Turbo V8 + Electric Motor,,728,295 km/h,3.0,182900.0,Hybrid,4,950.0
Porsche,Taycan Base,Dual Electric Motors,,321,230 km/h,5.0,86700.0,Electric,4,345.0
Cadillac,CT4,2.0L Turbo Inline-4 Gasoline,,237,250 km/h,6.0,34395.0,Petrol,5,350.0
Cadillac,CT4-V,2.7L Turbo Inline-4 Gasoline,,325,260 km/h,4.0,46595.0,Petrol,5,500.0
Cadillac,CT5,2.0L Turbo Inline-4 Gasoline,,237,240 km/h,6.0,38195.0,Petrol,5,350.0
Cadillac,CT5-V,3.0L Twin-Turbo V6 Gasoline,,360,250 km/h,4.0,50995.0,Petrol,5,550.0
Porsche,Taycan Cross Turismo 4,Dual Electric Motors,,375,240 km/h,5.0,94800.0,Electric,4,500.0
Porsche,Taycan Cross Turismo GTS,Dual Electric Motors,,590,250 km/h,3.0,139400.0,Electric,4,620.0
Porsche,Taycan Sport Turismo Base,Dual Electric Motors,,375,230 km/h,5.0,90500.0,Electric,4,500.0
Porsche,Taycan Sport Turismo GTS,Dual Electric Motors,,590,250 km/h,3.0,136700.0,Electric,4,620.0
Porsche,Taycan Turbo S Cross Turismo,Dual Electric Motors,,750,260 km/h,2.0,190000.0,Electric,4,1050.0
Porsche,911 Carrera Base,3.0L Twin-Turbo Flat-6,,379,293 km/h,4.0,106100.0,Petrol,4,450.0
Porsche,911 Carrera S Cabriolet,3.0L Twin-Turbo Flat-6,,443,304 km/h,3.0,129900.0,Petrol,4,530.0
Porsche,911 Carrera 4,3.0L Twin-Turbo Flat-6,,379,293 km/h,4.0,113300.0,Petrol,4,450.0
Porsche,911 Carrera 4 GTS,3.0L Twin-Turbo Flat-6,,473,311 km/h,3.0,137000.0,Petrol,4,570.0
Porsche,911 Targa 4 GTS,3.0L Twin-Turbo Flat-6,,473,307 km/h,3.0,157300.0,Petrol,4,570.0
Porsche,911 Turbo Cabriolet,3.8L Twin-Turbo Flat-6,,572,320 km/h,2.0,184100.0,Petrol,4,750.0
Porsche,911 Turbo S Coupe,3.8L Twin-Turbo Flat-6,,640,330 km/h,2.0,207000.0,Petrol,4,800.0
Porsche,911 GT3 Touring,4.0L Naturally Aspirated Flat-6,,502,318 km/h,3.0,170000.0,Petrol,2,470.0
Porsche,911 GT3 RS Clubsport,4.0L Naturally Aspirated Flat-6,,525,296 km/h,3.0,223800.0,Petrol,2,465.0
Porsche,911 Dakar Limited Edition,3.0L Twin-Turbo Flat-6,,473,240 km/h,3.0,222000.0,Petrol,4,570.0
Porsche,911 Carrera GTS Lightweight,3.0L Twin-Turbo Flat-6,,473,311 km/h,3.0,145300.0,Petrol,4,570.0
Porsche,911 Targa 4 Lightweight,3.0L Twin-Turbo Flat-6,,379,289 km/h,4.0,135500.0,Petrol,4,450.0
Porsche,911 Turbo Exclusive Series,3.8L Twin-Turbo Flat-6,,607,330 km/h,2.0,258000.0,Petrol,4,750.0
Porsche,911 GT2 RS,3.8L Twin-Turbo Flat-6,,700,340 km/h,2.0,293200.0,Petrol,2,750.0
Porsche,911 GT3 Cup,4.0L Naturally Aspirated Flat-6,,510,290 km/h,3.0,245000.0,Petrol,1,470.0
Porsche,911 GT4 RS,4.0L Naturally Aspirated Flat-6,,500,315 km/h,3.0,222000.0,Petrol,2,450.0
Porsche,911 RSR (Motorsport Edition),4.2L Naturally Aspirated Flat-6,,515,296 km/h,3.0,750000.0,Petrol,1,480.0
Porsche,911 Sport Turismo,3.0L Twin-Turbo Flat-6,,379,293 km/h,4.0,116000.0,Petrol,4,450.0
Porsche,911 Turbo Cabriolet Lightweight,3.8L Twin-Turbo Flat-6,,572,318 km/h,3.0,191300.0,Petrol,4,750.0
Porsche,911 Dakar Sport,3.0L Twin-Turbo Flat-6,,473,240 km/h,3.0,233000.0,Petrol,4,570.0
Tata Motors,Tiago,1.2L Revotron 3-cylinder Petrol,,86,170 km/h,13.0,8200.0,Petrol,5,113.0
Tata Motors,Tiago EV,Permanent Magnet Synchronous,,74,120 km/h,5.0,11000.0,Electric,5,114.0
Tata Motors,Altroz,1.2L Revotron Petrol / 1.5L Diesel,,86,170 km/h,12.0,10400.0,Petrol/Diesel,5,113.0
Tata Motors,Altroz DCA,1.2L Revotron 3-cylinder Petrol,,86,170 km/h,12.0,11300.0,Petrol,5,113.0
Tata Motors,Altroz iTurbo,1.2L Turbocharged Petrol,,110,180 km/h,10.0,12000.0,Petrol,5,140.0
Tata Motors,Altroz CNG,1.2L Revotron Bi-Fuel,,86,165 km/h,12.0,11800.0,CNG/Petrol,5,113.0
Tata Motors,Tiago NRG,1.2L Revotron 3-cylinder Petrol,,86,170 km/h,13.0,9200.0,Petrol,5,113.0
Tata Motors,Nano GenX,624cc MPFI,,37,105 km/h,29.0,4000.0,Petrol,4,51.0
Tata Motors,Indica eV2,1.4L CR4 Diesel,,70,155 km/h,16.0,6200.0,Diesel,5,140.0
Tata Motors,Indica V2 Xeta,1.2L MPFI Petrol,,65,140 km/h,16.0,5000.0,Petrol,5,100.0
Tata Motors,Tigor,1.2L Revotron 3-cylinder Petrol,,86,170 km/h,13.0,9400.0,Petrol,5,113.0
Tata Motors,Tigor EV,Permanent Magnet Synchronous,,74,120 km/h,5.0,14500.0,Electric,5,114.0
Tata Motors,Zest,1.3L Quadrajet Diesel / 1.2L Revotron Petrol,,75,165 km/h,15.0,8700.0,Diesel/Petrol,5,190.0
Tata Motors,Indigo eCS,1.4L CR4 Diesel,,70,155 km/h,16.0,6500.0,Diesel,5,140.0
Cadillac,Escalade,6.2L V8 Gasoline,,420,210 km/h,6.0,79295.0,Petrol,7,624.0
Tata Motors,Indigo Marina,1.4L CR4 Diesel / 1.4L Petrol,,70,150 km/h,17.0,8300.0,Diesel/Petrol,5,135.0
Tata Motors,Manza,1.3L Quadrajet Diesel / 1.4L Petrol,,75,160 km/h,14.0,9000.0,Diesel/Petrol,5,200.0
Tata Motors,Indigo LX,1.4L CR4 Diesel,,70,150 km/h,17.0,7000.0,Diesel,5,140.0
Tata Motors,Indigo GLX,1.4L MPFI Petrol,,85,160 km/h,15.0,7200.0,Petrol,5,115.0
Cadillac,Escalade ESV,6.2L V8 Gasoline,,420,205 km/h,6.0,82295.0,Petrol,7,624.0
Tata Motors,Nexon,1.2L Turbo Petrol / 1.5L Diesel,,118,180 km/h,10.0,14000.0,Petrol/Diesel,5,170.0
Tata Motors,Nexon EV Max,Permanent Magnet Synchronous,,143,140 km/h,9.0,25000.0,Electric,5,250.0
Tata Motors,Harrier,2.0L Kryotec Turbocharged Diesel,,168,180 km/h,11.0,23000.0,Diesel,5,350.0
Tata Motors,Safari,2.0L Kryotec Turbocharged Diesel,,168,180 km/h,11.0,25500.0,Diesel,7,350.0
Tata Motors,Punch,1.2L Revotron Petrol,,86,160 km/h,16.0,10500.0,Petrol,5,113.0
Tata Motors,Hexa,2.2L Varicor Diesel,,154,180 km/h,12.0,20000.0,Diesel,7,400.0
Tata Motors,Aria,2.2L Dicor Diesel,,138,162 km/h,13.0,19000.0,Diesel,7,320.0
Tata Motors,Sumo Gold,3.0L CR4 Diesel,,85,125 km/h,17.0,15000.0,Diesel,7,250.0
Tata Motors,Sumo Grande,2.2L Dicor Diesel,,118,140 km/h,15.0,16500.0,Diesel,7,250.0
Tata Motors,Nexon EV Prime,Permanent Magnet Synchronous,,129,120 km/h,9.0,22000.0,Electric,5,245.0
Tata Motors,Tiago EV,Permanent Magnet Synchronous,,74,120 km/h,5.0,11000.0,Electric,5,114.0
Tesla,Model S,Dual Electric Motors,,670,250 km/h,3.0,88490.0,Electric,5,967.0
Tesla,Model S Plaid,Tri Electric Motors,,1,322 km/h,2.0,108490.0,Electric,5,1400.0
Tesla,Model 3,Single Electric Motor (RWD),,283,225 km/h,5.0,40240.0,Electric,5,420.0
Tesla,Model 3 Performance,Dual Electric Motors (AWD),,450,261 km/h,3.0,53240.0,Electric,5,660.0
Tesla,Model X,Dual Electric Motors (AWD),,670,250 km/h,3.0,98490.0,Electric,7,967.0
Tesla,Model X Plaid,Tri Electric Motors,,1,262 km/h,2.0,113490.0,Electric,6,1400.0
Tesla,Model Y,Single Electric Motor (RWD),,346,217 km/h,5.0,47490.0,Electric,5,498.0
Tesla,Model Y Long Range,Dual Electric Motors (AWD),,384,217 km/h,4.0,50490.0,Electric,5,559.0
Tesla,Cybertruck,Tri Electric Motors,,800,209 km/h,2.0,69900.0,Electric,6,1355.0
Tesla,Roadster 2,Quad Electric Motors,,1,402 km/h,1.0,200000.0,Electric,4,10000.0
Jeep,Wrangler,3.6L V6 Pentastar Gasoline,,285,180 km/h,6.0,35195.0,Petrol,4,353.0
Jeep,Wrangler Rubicon,2.0L Turbo I4 Gasoline,,270,180 km/h,7.0,42100.0,Petrol,4,400.0
Jeep,Grand Cherokee,3.6L V6 Pentastar Gasoline,,293,209 km/h,7.0,41530.0,Petrol,5,352.0
Jeep,Grand Cherokee L,3.6L V6 Pentastar Gasoline,,293,209 km/h,7.0,43530.0,Petrol,7,352.0
Jeep,Cherokee,2.4L I4 Tigershark Gasoline,,180,195 km/h,8.0,37695.0,Petrol,5,230.0
Jeep,Compass,2.0L Turbo Gasoline,,200,200 km/h,7.0,31590.0,Petrol,5,320.0
Jeep,Renegade,1.3L Turbo I4 Gasoline,,177,200 km/h,8.0,28345.0,Petrol,5,285.0
Jeep,Gladiator,3.6L V6 Pentastar Gasoline,,285,177 km/h,8.0,38775.0,Petrol,5,353.0
Jeep,Wagoneer,5.7L V8 Gasoline with eTorque,,392,190 km/h,7.0,63595.0,Petrol,8,548.0
Jeep,Grand Wagoneer,6.4L V8 Gasoline,,471,190 km/h,6.0,91495.0,Petrol,8,617.0
Jeep,Grand Cherokee 4xe,2.0L Turbo PHEV,,375,210 km/h,6.0,59865.0,Hybrid,5,637.0
Jeep,Wrangler 4xe,2.0L Turbo PHEV,,375,180 km/h,6.0,50695.0,Hybrid,5,637.0
Jeep,Compass 4xe,1.3L Turbo PHEV,,240,200 km/h,7.0,46500.0,Hybrid,5,270.0
Jeep,Renegade 4xe,1.3L Turbo PHEV,,240,200 km/h,7.0,44500.0,Hybrid,5,270.0
Mazda,Mazda2,1.5L 4-Cylinder,,108,180 km/h,10.0,17000.0,Petrol,5,142.0
Jeep,Wagoneer S (Electric),Dual Electric Motors,,600,177 km/h,4.0,80000.0,Electric,5,850.0
Jeep,Gladiator Mojave Edition,3.6L V6 Pentastar Gasoline,,285,177 km/h,8.0,51570.0,Petrol,5,353.0
Jeep,Grand Cherokee Summit Reserve,5.7L V8 Gasoline,,357,190 km/h,7.0,66575.0,Petrol,5,529.0
Jeep,Jeep Cherokee X Edition,3.2L V6 Pentastar Gasoline,,271,195 km/h,7.0,41295.0,Petrol,5,324.0
Jeep,Wrangler 392,6.4L V8 HEMI Gasoline,,470,160 km/h,4.0,82495.0,Petrol,4,637.0
Cadillac,XT4,2.0L Turbo Inline-4 Gasoline,,235,220 km/h,7.0,37490.0,Petrol,5,350.0
Cadillac,XT5,3.6L V6 Gasoline,,310,210 km/h,6.0,44195.0,Petrol,5,366.0
Cadillac,XT6,3.6L V6 Gasoline,,310,210 km/h,6.0,48595.0,Petrol,7,366.0
Cadillac,Lyriq EV,Single Electric Motor,,340,190 km/h,5.0,58590.0,Electric,5,440.0
Cadillac,Escalade V,6.2L Supercharged V8 Gasoline,,682,200 km/h,4.0,149990.0,Petrol,7,885.0
Cadillac,Escalade Platinum,6.2L V8 Gasoline,,420,210 km/h,6.0,104595.0,Petrol,7,624.0
Cadillac,CT5-V Blackwing,6.2L Supercharged V8 Gasoline,,668,320 km/h,3.0,92000.0,Petrol,5,893.0
Cadillac,CT4-V Blackwing,3.6L Twin-Turbo V6 Gasoline,,472,290 km/h,3.0,60495.0,Petrol,5,603.0
Cadillac,XT4 Sport,2.0L Turbo Inline-4 Gasoline,,235,220 km/h,7.0,41390.0,Petrol,5,350.0
Cadillac,XT5 Sport,3.6L V6 Gasoline,,310,210 km/h,6.0,51095.0,Petrol,5,366.0
Cadillac,XT6 Sport,3.6L V6 Gasoline,,310,210 km/h,6.0,57095.0,Petrol,7,366.0
Cadillac,Lyriq Launch Edition,Single Electric Motor,,340,190 km/h,5.0,59990.0,Electric,5,440.0
Cadillac,Lyriq EV Premium,Dual Electric Motors,,500,210 km/h,4.0,64990.0,Electric,5,620.0
Cadillac,CT5 Premium Luxury,2.0L Turbo Inline-4 Gasoline,,237,240 km/h,6.0,41290.0,Petrol,5,350.0
Chevrolet,Spark,1.4L Inline-4 Gasoline,,98,180 km/h,10.0,14595.0,Petrol,5,127.0
Chevrolet,Sonic,1.4L Turbo Inline-4 Gasoline,,138,190 km/h,8.0,16720.0,Petrol,5,200.0
Chevrolet,Malibu,1.5L Turbo Inline-4 Gasoline,,160,210 km/h,8.0,25000.0,Petrol,5,250.0
Chevrolet,Camaro,2.0L Turbo Inline-4 Gasoline,,275,240 km/h,5.0,26400.0,Petrol,4,400.0
Chevrolet,Corvette,6.2L V8 Gasoline,,495,312 km/h,3.0,65895.0,Petrol,2,637.0
Chevrolet,Traverse,3.6L V6 Gasoline,,310,210 km/h,7.0,35915.0,Petrol,7,360.0
Chevrolet,Equinox,1.5L Turbo Inline-4 Gasoline,,170,200 km/h,8.0,26600.0,Petrol,5,275.0
Chevrolet,Blazer,3.6L V6 Gasoline,,308,220 km/h,6.0,44000.0,Petrol,5,366.0
Chevrolet,Tahoe,5.3L V8 Gasoline,,355,200 km/h,7.0,56995.0,Petrol,7,519.0
Chevrolet,Suburban,5.3L V8 Gasoline,,355,190 km/h,7.0,59900.0,Petrol,8,519.0
Chevrolet,Colorado,2.7L Turbo Inline-4 Gasoline,,310,190 km/h,6.0,30695.0,Petrol,5,583.0
Chevrolet,Silverado 1500,5.3L V8 Gasoline,,355,180 km/h,7.0,42795.0,Petrol,6,519.0
Chevrolet,Silverado 2500HD,6.6L V8 Gasoline,,401,170 km/h,8.0,41500.0,Petrol,6,629.0
Chevrolet,Silverado 3500HD,6.6L V8 Diesel,,445,160 km/h,8.0,45500.0,Diesel,6,1234.0
Chevrolet,Bolt EV,Single Electric Motor,,200,150 km/h,6.0,27495.0,Electric,5,360.0
Chevrolet,Bolt EUV,Single Electric Motor,,200,150 km/h,7.0,28795.0,Electric,5,360.0
Chevrolet,Trailblazer,1.3L Turbo Inline-3 Gasoline,,155,200 km/h,9.0,23100.0,Petrol,5,236.0
Chevrolet,Malibu Premier,2.0L Turbo Inline-4 Gasoline,,250,240 km/h,5.0,33500.0,Petrol,5,353.0
Chevrolet,Camaro ZL1,6.2L Supercharged V8 Gasoline,,650,318 km/h,3.0,67300.0,Petrol,4,881.0
Chevrolet,Corvette Stingray,6.2L V8 Gasoline,,495,312 km/h,3.0,65895.0,Petrol,2,637.0
Chevrolet,Silverado 1500 High Country,5.3L V8 Gasoline,,355,180 km/h,7.0,61595.0,Petrol,6,519.0
Chevrolet,Silverado 1500 Trail Boss,5.3L V8 Gasoline,,355,180 km/h,7.0,55895.0,Petrol,6,519.0
Chevrolet,Silverado 1500 RST,5.3L V8 Gasoline,,355,180 km/h,7.0,50895.0,Petrol,6,519.0
Chevrolet,Colorado ZR2,2.8L Turbo Diesel I4,,181,160 km/h,9.0,48295.0,Diesel,5,500.0
Chevrolet,Traverse Premier,3.6L V6 Gasoline,,310,210 km/h,7.0,46600.0,Petrol,7,360.0
Chevrolet,Equinox Premier,1.5L Turbo Inline-4 Gasoline,,170,200 km/h,8.0,33400.0,Petrol,5,275.0
Chevrolet,Blazer RS,3.6L V6 Gasoline,,308,220 km/h,6.0,48900.0,Petrol,5,366.0
Chevrolet,Bolt EV 2LT,Single Electric Motor,,200,150 km/h,6.0,28795.0,Electric,5,360.0
Chevrolet,Camaro SS,6.2L V8 Gasoline,,455,290 km/h,4.0,43500.0,Petrol,4,617.0
Chevrolet,Corvette Grand Sport,6.2L V8 Gasoline,,460,290 km/h,3.0,65900.0,Petrol,2,630.0
Chevrolet,Traverse RS,3.6L V6 Gasoline,,310,210 km/h,7.0,43700.0,Petrol,7,360.0
Chevrolet,Blazer Premier,3.6L V6 Gasoline,,308,220 km/h,6.0,45000.0,Petrol,5,366.0
Chevrolet,Malibu LT,1.5L Turbo Inline-4 Gasoline,,160,210 km/h,8.0,25800.0,Petrol,5,250.0
Chevrolet,Spark Activ,1.4L Inline-4 Gasoline,,98,180 km/h,11.0,17595.0,Petrol,5,127.0
Chevrolet,Trax LT,1.2L Turbo Inline-3 Gasoline,,137,200 km/h,9.0,24100.0,Petrol,5,220.0
Chevrolet,Equinox LT,1.5L Turbo Inline-4 Gasoline,,170,200 km/h,8.0,28400.0,Petrol,5,275.0
Chevrolet,Silverado 3500HD High Country,6.6L V8 Diesel,,445,160 km/h,8.0,75700.0,Diesel,6,1234.0
Chevrolet,Colorado WT,2.7L Turbo Inline-4 Gasoline,,310,190 km/h,6.0,29200.0,Petrol,5,583.0
Chevrolet,Suburban High Country,6.2L V8 Gasoline,,420,200 km/h,7.0,82400.0,Petrol,8,624.0
Chevrolet,Silverado Custom,4.3L V6 Gasoline,,285,180 km/h,8.0,33900.0,Petrol,6,413.0
Chevrolet,Spark LS,1.4L Inline-4 Gasoline,,98,180 km/h,10.0,14395.0,Petrol,5,127.0
Chevrolet,Traverse LT,3.6L V6 Gasoline,,310,210 km/h,7.0,37200.0,Petrol,7,360.0
Chevrolet,Blazer LT,2.5L Inline-4 Gasoline,,193,200 km/h,9.0,36100.0,Petrol,5,255.0
Chevrolet,Malibu Premier,2.0L Turbo Inline-4 Gasoline,,250,240 km/h,5.0,34500.0,Petrol,5,353.0
Chevrolet,Equinox RS,1.5L Turbo Inline-4 Gasoline,,170,200 km/h,8.0,31900.0,Petrol,5,275.0
Chevrolet,Silverado 1500 Custom,4.3L V6 Gasoline,,285,180 km/h,8.0,34900.0,Petrol,6,413.0
Chevrolet,Silverado 2500HD LTZ,6.6L V8 Diesel,,445,160 km/h,8.0,56400.0,Diesel,6,1234.0
Chevrolet,Tahoe RST,5.3L V8 Gasoline,,355,180 km/h,7.0,64100.0,Petrol,7,519.0
Chevrolet,Suburban LT,5.3L V8 Gasoline,,355,180 km/h,5.0,64400.0,Petrol,8,519.0
Chevrolet,Bolt EV Premier,Single Electric Motor,,200,150 km/h,6.0,31700.0,Electric,5,360.0
Chevrolet,Tahoe LS,5.3L V8 Gasoline,,355,180 km/h,7.0,56995.0,Petrol,8,519.0
Chevrolet,Tahoe LT,5.3L V8 Gasoline,,355,180 km/h,7.0,62495.0,Petrol,8,519.0
Chevrolet,Tahoe RST,5.3L V8 Gasoline,,355,180 km/h,7.0,64100.0,Petrol,7,519.0
Chevrolet,Tahoe Z71,5.3L V8 Gasoline,,355,180 km/h,7.0,66700.0,Petrol,7,519.0
Chevrolet,Tahoe Premier,6.2L V8 Gasoline,,420,200 km/h,6.0,71600.0,Petrol,7,624.0
Chevrolet,Tahoe High Country,6.2L V8 Gasoline,,420,200 km/h,6.0,76700.0,Petrol,7,624.0
Chevrolet,Tahoe Midnight Edition,5.3L V8 Gasoline,,355,180 km/h,7.0,65500.0,Petrol,8,519.0
Chevrolet,Tahoe Sport Edition,6.2L V8 Gasoline,,420,200 km/h,6.0,70000.0,Petrol,7,624.0
GMC,Terrain,1.5L Turbo 4-cylinder,,175,190 km/h,9.0,29900.0,Petrol,5,275.0
GMC,Acadia,2.0L Turbo 4-cylinder,,228,200 km/h,7.0,36800.0,Petrol,7,350.0
GMC,Yukon,5.3L V8 Gasoline,,355,180 km/h,7.0,57400.0,Petrol,8,519.0
GMC,Yukon XL,6.2L V8 Gasoline,,420,200 km/h,6.0,61100.0,Petrol,8,624.0
GMC,Canyon,2.7L Turbo 4-cylinder,,310,190 km/h,7.0,36900.0,Petrol,5,583.0
GMC,Sierra 1500,5.3L V8 Gasoline,,355,180 km/h,7.0,37100.0,Petrol,6,519.0
GMC,Sierra 2500HD,6.6L V8 Diesel,,401,175 km/h,7.0,43900.0,Diesel,6,629.0
GMC,Sierra 3500HD,6.6L V8 Diesel,,445,175 km/h,7.0,49000.0,Diesel,6,1234.0
GMC,Hummer EV Pickup,Dual-Motor Electric,,625,170 km/h,3.0,108700.0,Electric,5,1000.0
GMC,Hummer EV SUV,Dual-Motor Electric,,625,170 km/h,3.0,105600.0,Electric,5,1000.0
GMC,Yukon Denali,6.2L V8 Gasoline,,420,200 km/h,6.0,72800.0,Petrol,8,624.0
GMC,Sierra Denali,6.2L V8 Gasoline,,420,190 km/h,6.0,66800.0,Petrol,6,624.0
GMC,Terrain AT4,1.5L Turbo 4-cylinder,,175,190 km/h,9.0,36500.0,Petrol,5,275.0
GMC,Acadia AT4,3.6L V6 Gasoline,,310,210 km/h,7.0,41400.0,Petrol,6,366.0
GMC,Sierra 1500 AT4,5.3L V8 Gasoline,,355,180 km/h,7.0,53800.0,Petrol,6,519.0
GMC,Sierra 2500HD Denali,6.6L V8 Diesel,,401,175 km/h,7.0,72200.0,Diesel,6,1234.0
GMC,Sierra Elevation,2.7L Turbo 4-cylinder,,310,190 km/h,7.0,45000.0,Petrol,5,583.0
GMC,Canyon AT4,2.7L Turbo 4-cylinder,,310,190 km/h,7.0,43900.0,Petrol,5,583.0
GMC,Canyon Denali,2.7L Turbo 4-cylinder,,310,190 km/h,7.0,48000.0,Petrol,5,583.0
GMC,Yukon XL Denali Ultimate,6.2L V8 Gasoline,,420,200 km/h,6.0,93800.0,Petrol,8,624.0
GMC,Terrain Denali,1.5L Turbo 4-cylinder,,175,190 km/h,9.0,38600.0,Petrol,5,275.0
GMC,Acadia Denali,3.6L V6 engine,,310,210 km/h,6.0,54300.0,Petrol,7,366.0
GMC,Yukon AT4,5.3L V8 engine,,355,210 km/h,7.0,71505.0,Petrol,8,519.0
GMC,Yukon XL AT4,5.3L V8 engine,,355,210 km/h,7.0,73305.0,Petrol,8,519.0
GMC,Sierra 1500 Elevation,2.7L Turbo engine,,310,180 km/h,7.0,52000.0,Petrol,5,569.0
GMC,Sierra 1500 SLT,5.3L V8 engine,,355,180 km/h,6.0,56000.0,Petrol,5,519.0
GMC,Sierra 2500HD AT4,6.6L V8 engine,,401,170 km/h,7.0,70000.0,Petrol,5,629.0
GMC,Sierra 3500HD AT4,6.6L V8 engine,,401,170 km/h,7.0,72000.0,Petrol,5,629.0
GMC,Canyon Elevation,2.5L I4 engine,,200,175 km/h,8.0,36300.0,Petrol,5,259.0
GMC,Canyon Denali Black Edition,3.6L V6 engine,,308,180 km/h,6.0,44000.0,Petrol,5,373.0
GMC,Sierra 1500 Denali Ultimate,6.2L V8 engine,,420,200 km/h,5.0,80000.0,Petrol,5,624.0
GMC,Yukon XL Denali Reserve,6.2L V8 engine,,420,210 km/h,6.0,82000.0,Petrol,7,624.0
GMC,Terrain Elevation Edition,1.5L Turbocharged I4 engine,,170,200 km/h,9.0,28700.0,Petrol,5,275.0
GMC,Acadia Black Edition,3.6L V6 engine,,310,210 km/h,6.0,45000.0,Petrol,7,366.0
GMC,Hummer EV SUV Edition 1,"Electric motors with up to 11,500 lb-ft torque",,830,170 km/h,3.0,96550.0,Electric,5,15590.0
GMC,Hummer EV Pickup Edition 1,"Electric motors with up to 11,500 lb-ft torque",,1,170 km/h,3.0,96550.0,Electric,5,15590.0
GMC,Sierra Denali CarbonPro,6.2L V8 engine,,420,200 km/h,5.0,65000.0,Petrol,5,624.0
GMC,Yukon Denali Performance,6.2L V8 engine,,420,210 km/h,6.0,76805.0,Petrol,8,624.0
GMC,Sierra 2500HD Denali Black Edition,6.6L V8 engine,,401,170 km/h,7.0,75000.0,Petrol,5,629.0
GMC,Canyon AT4X,3.6L V6 engine,,308,180 km/h,6.0,50000.0,Petrol,5,373.0
GMC,Yukon XL SLT,5.3L V8 engine,,355,210 km/h,7.0,65000.0,Petrol,8,519.0
GMC,Sierra 1500 Pro,4.3L V6 engine,,285,180 km/h,7.0,37700.0,Petrol,3,413.0
GMC,Sierra 2500HD Pro,6.6L V8 engine,,401,170 km/h,7.0,60000.0,Petrol,3,629.0
GMC,Sierra 3500HD Pro,6.6L V8 engine,,401,170 km/h,7.0,62000.0,Petrol,3,629.0
GMC,Terrain SLT,1.5L Turbocharged I4 engine,,170,200 km/h,9.0,31000.0,Petrol,5,275.0
GMC,Acadia SLE,3.6L V6 engine,,310,210 km/h,6.0,40000.0,Petrol,7,366.0
GMC,Canyon SLT,2.5L I4 engine,,200,175 km/h,8.0,38000.0,Petrol,5,259.0
GMC,Yukon XL Elevation,5.3L V8 engine,,355,210 km/h,7.0,75000.0,Petrol,8,519.0
GMC,Sierra 1500 AT4X,6.2L V8 engine,,420,200 km/h,5.0,82000.0,Petrol,5,624.0
GMC,Hummer EV SUV Extreme Off-Road,"Electric motors with up to 11,500 lb-ft torque",,830,170 km/h,3.0,110000.0,Electric,5,15590.0
GMC,Sierra EV Denali,Electric motors with advanced AWD,,754,170 km/h,4.0,108700.0,Electric,5,1064.0
GMC,Hummer EV Omega Edition,"Electric motors with up to 11,500 lb-ft torque",,1,170 km/h,3.0,112700.0,Electric,5,15590.0
GMC,Canyon AT4X Edition 1,3.6L V6 engine,,308,180 km/h,6.0,55000.0,Petrol,5,373.0
GMC,Yukon Denali Ultimate Black,6.2L V8 engine,,420,210 km/h,6.0,90000.0,Petrol,8,624.0
GMC,Sierra HD Denali Reserve,6.6L V8 engine,,401,170 km/h,7.0,85000.0,Petrol,5,629.0
GMC,Acadia Denali Ultimate,3.6L V6 engine,,310,210 km/h,6.0,60000.0,Petrol,7,366.0
GMC,Terrain All-Terrain Edition,1.5L Turbocharged I4 engine,,170,200 km/h,9.0,35000.0,Petrol,5,275.0
GMC,Yukon Trailering Edition,5.3L V8 engine,,355,210 km/h,7.0,78000.0,Petrol,8,519.0
GMC,Hummer EV Adventure Series,"Electric motors with up to 11,500 lb-ft torque",,830,170 km/h,3.0,105000.0,Electric,5,15590.0
Kia,Rio,1.6L 4-Cylinder,,120,180 km/h,10.0,17000.0,Petrol,5,151.0
Kia,Rio 5-Door,1.6L 4-Cylinder,,120,180 km/h,10.0,18000.0,Petrol,5,151.0
Kia,Seltos Nightfall Edition,1.6L Turbocharged 4-Cylinder,,175,210 km/h,7.0,28000.0,Petrol,5,264.0
Peugeot,508 PSE (Peugeot Sport Engineered),Hybrid I4 + Electric Motor,,360,250 km/h,5.0,55000.0,Hybrid,5,520.0
Kia,Sorento X-Line,2.5L Turbocharged 4-Cylinder,,277,220 km/h,7.0,42000.0,Petrol,7,421.0
Kia,Telluride SX,3.8L V6,,291,240 km/h,7.0,50000.0,Petrol,7,355.0
Kia,Forte LXS,2.0L 4-Cylinder,,147,190 km/h,9.0,19000.0,Petrol,5,179.0
Kia,K5 EX,1.6L Turbocharged 4-Cylinder,,180,220 km/h,7.0,28500.0,Petrol,5,264.0
Kia,Niro Plug-In Hybrid,1.6L 4-Cylinder Hybrid,,139,180 km/h,10.0,33000.0,Hybrid,5,265.0
Kia,EV6 Wind,Electric Motor,,225,190 km/h,5.0,50000.0,Electric,5,350.0
Kia,Soul Turbo,1.6L Turbocharged 4-Cylinder,,201,200 km/h,6.0,28000.0,Petrol,5,264.0
Kia,Seltos SX,1.6L Turbocharged 4-Cylinder,,175,210 km/h,7.0,28500.0,Petrol,5,264.0
Kia,Stinger Scorpion Edition,2.5L Turbocharged 4-Cylinder,,300,270 km/h,5.0,55000.0,Petrol,5,422.0
Kia,Sorento Hybrid SX Prestige,1.6L Hybrid Turbocharged 4-Cylinder,,227,200 km/h,7.0,47000.0,Hybrid,7,352.0
Kia,Carnival EX,3.5L V6,,290,220 km/h,8.0,42500.0,Petrol,8,355.0
Kia,Telluride Nightfall Edition,3.8L V6,,291,240 km/h,7.0,51000.0,Petrol,7,355.0
Peugeot,508 Plug-In Hybrid,Hybrid I4 + Electric Motor,,225,210 km/h,7.0,44000.0,Hybrid,5,360.0
Kia,EV6 First Edition,Electric Motor,,320,230 km/h,5.0,58000.0,Electric,5,450.0
Kia,Niro Touring,1.6L 4-Cylinder Hybrid,,139,180 km/h,10.0,33000.0,Hybrid,5,265.0
Kia,Forte GT-Line,1.6L Turbocharged 4-Cylinder,,201,200 km/h,6.0,25000.0,Petrol,5,264.0
Kia,Seltos EX,2.0L 4-Cylinder,,146,190 km/h,9.0,23500.0,Petrol,5,179.0
Peugeot,3008 Plug-In Hybrid,Hybrid I4 + Electric Motor,,225,210 km/h,7.0,42000.0,Hybrid,5,360.0
Kia,Sorento LX,2.5L 4-Cylinder,,191,210 km/h,8.0,35500.0,Petrol,7,246.0
Kia,Telluride EX,3.8L V6,,291,240 km/h,7.0,44000.0,Petrol,7,355.0
Kia,Soul EX,2.0L 4-Cylinder,,147,190 km/h,9.0,22000.0,Petrol,5,179.0
Kia,Forte FE,2.0L 4-Cylinder,,147,190 km/h,9.0,18500.0,Petrol,5,179.0
Kia,K5 GT-Line,1.6L Turbocharged 4-Cylinder,,180,220 km/h,7.0,29000.0,Petrol,5,264.0
Kia,Carnival LXS,3.5L V6,,290,220 km/h,8.0,39500.0,Petrol,8,355.0
Kia,EV6 Light,Electric Motor,,225,190 km/h,5.0,46000.0,Electric,5,350.0
Kia,Niro EX,1.6L 4-Cylinder Hybrid,,139,180 km/h,10.0,30000.0,Hybrid,5,265.0
Kia,Stinger GT,3.3L Turbocharged V6,,365,270 km/h,4.0,51500.0,Petrol,5,510.0
Kia,Sorento SX Prestige,2.5L Hybrid Turbocharged 4-Cylinder,,227,200 km/h,7.0,48000.0,Hybrid,7,352.0
Kia,Telluride SX Prestige,3.8L V6,,291,240 km/h,7.0,52000.0,Petrol,7,355.0
Peugeot,508 Hybrid4,Hybrid I4 + Electric Motor,,300,235 km/h,6.0,47000.0,Hybrid,5,520.0
Kia,EV6 GT Performance,Electric Motor,,577,260 km/h,3.0,65000.0,Electric,5,740.0
Kia,Niro SX Touring,1.6L 4-Cylinder Hybrid,,139,180 km/h,10.0,34500.0,Hybrid,5,265.0
Kia,Carnival SX Prestige,3.5L V6,,290,220 km/h,8.0,47000.0,Petrol,8,355.0
Kia,Seltos SX Turbo,1.6L Turbocharged 4-Cylinder,,175,210 km/h,7.0,32000.0,Petrol,5,264.0
Kia,Forte EX Premium,2.0L 4-Cylinder,,147,190 km/h,9.0,22500.0,Petrol,5,179.0
Kia,Soul EX Designer Edition,2.0L 4-Cylinder,,147,190 km/h,9.0,23500.0,Petrol,5,179.0
Kia,Rio S,1.6L 4-Cylinder,,120,180 km/h,10.0,17500.0,Petrol,5,151.0
Kia,Rio 5-Door S,1.6L 4-Cylinder,,120,180 km/h,10.0,18000.0,Petrol,5,151.0
Kia,Soul S,2.0L 4-Cylinder,,147,190 km/h,9.0,20500.0,Petrol,5,179.0
Kia,Seltos LX,2.0L 4-Cylinder,,146,190 km/h,9.0,23000.0,Petrol,5,179.0
Peugeot,3008 Hybrid4,Hybrid I4+ Electric Motor,,300,235 km/h,6.0,45000.0,Hybrid,5,520.0
Kia,Sorento Hybrid EX,1.6L Hybrid Turbocharged 4-Cylinder,,227,200 km/h,7.0,47000.0,Hybrid,7,352.0
Kia,Telluride LX,3.8L V6,,291,240 km/h,7.0,41500.0,Petrol,7,355.0
Kia,Carnival MPV EX,3.5L V6,,290,220 km/h,8.0,43500.0,Petrol,8,355.0
Kia,EV6 AWD GT-Line,Electric Motor,,320,230 km/h,5.0,60000.0,Electric,5,450.0
Kia,Forte GT Turbo,1.6L Turbocharged 4-Cylinder,,201,200 km/h,6.0,25500.0,Petrol,5,264.0
Kia,Soul GT Designer Edition,2.0L 4-Cylinder,,147,190 km/h,9.0,23000.0,Petrol,5,179.0
Kia,Seltos X-Line Turbo,1.6L Turbocharged 4-Cylinder,,175,210 km/h,7.0,30000.0,Petrol,5,264.0
Peugeot,e-2008 GT,Electric Motor,,136,200 km/h,8.0,40000.0,Electric,5,260.0
Kia,Telluride Limited Edition,3.8L V6,,291,240 km/h,7.0,53000.0,Petrol,7,355.0
Kia,Stinger GT-Line,2.5L Turbocharged 4-Cylinder,,300,270 km/h,5.0,50000.0,Petrol,5,422.0
Kia,Carnival Special Edition,3.5L V6,,290,220 km/h,8.0,45500.0,Petrol,8,355.0
Kia,Niro SX Hybrid,1.6L Hybrid Turbocharged 4-Cylinder,,139,180 km/h,10.0,36000.0,Hybrid,5,265.0
Kia,EV6 First Edition AWD,Electric Motor,,320,230 km/h,5.0,62000.0,Electric,5,450.0
Kia,Sorento X-Pro Hybrid,1.6L Hybrid Turbocharged 4-Cylinder,,227,200 km/h,7.0,49000.0,Hybrid,7,352.0
Kia,Forte Limited Edition,2.0L 4-Cylinder,,147,190 km/h,9.0,22500.0,Petrol,5,179.0
Bugatti,Chiron,8.0L Quad-Turbo W16,,1500,420 km/h,2.0,3000000.0,Petrol,2,1600.0
Bugatti,Chiron Pur Sport,8.0L Quad-Turbo W16,,1500,350 km/h,2.0,3300000.0,Petrol,2,1600.0
Bugatti,Chiron Super Sport,8.0L Quad-Turbo W16,,1600,490 km/h,2.0,3500000.0,Petrol,2,1600.0
Bugatti,Chiron Sport,8.0L Quad-Turbo W16,,1500,420 km/h,2.0,3300000.0,Petrol,2,1600.0
Bugatti,Chiron Noire,8.0L Quad-Turbo W16,,1500,420 km/h,2.0,3300000.0,Petrol,2,1600.0
Bugatti,Divo,8.0L Quad-Turbo W16,,1500,380 km/h,2.0,5800000.0,Petrol,2,1600.0
Bugatti,Centodieci,8.0L Quad-Turbo W16,,1600,380 km/h,2.0,9000000.0,Petrol,2,1600.0
Bugatti,La Voiture Noire,8.0L Quad-Turbo W16,,1500,420 km/h,2.0,18000000.0,Petrol,2,1600.0
Bugatti,Bolide,8.0L Quad-Turbo W16,,1850,500 km/h,2.0,4500000.0,Petrol,2,1600.0
Bugatti,Mistral,8.0L Quad-Turbo W16,,1600,420 km/h,2.0,5000000.0,Petrol,2,1600.0
Volvo,Volvo FH,13.0L I6 Turbo Diesel,,540,120 km/h,15.0,120000.0,Diesel,2,2600.0
Volvo,Volvo FH16,16.1L I6 Turbo Diesel,,750,120 km/h,14.0,160000.0,Diesel,2,3500.0
Volvo,Volvo FM,12.8L I6 Turbo Diesel,,460,110 km/h,16.0,100000.0,Diesel,2,2200.0
Volvo,Volvo FMX,13.0L I6 Turbo Diesel,,500,110 km/h,16.0,110000.0,Diesel,2,2500.0
Volvo,Volvo VNL,12.8L I6 Turbo Diesel,,500,120 km/h,15.0,125000.0,Diesel,2,2400.0
Volvo,Volvo VNR,12.8L I6 Turbo Diesel,,400,110 km/h,17.0,95000.0,Diesel,2,1800.0
Volvo,Volvo VHD,12.8L I6 Turbo Diesel,,500,100 km/h,18.0,120000.0,Diesel,2,2500.0
Volvo,Volvo FE,7.7L I6 Turbo Diesel,,280,90 km/h,20.0,85000.0,Diesel,2,1200.0
Volvo,Volvo FL,5.1L I4 Turbo Diesel,,180,80 km/h,22.0,75000.0,Diesel,2,800.0
Jaguar Land Rover,Jaguar F-Type,V6 / V8 Petrol,,335,260 km/h,5.0,70000.0,Petrol,2,450.0
Jaguar Land Rover,Jaguar XE,I4 Petrol,,250,250 km/h,6.0,45000.0,Petrol,5,365.0
Jaguar Land Rover,Jaguar XF,I4 Petrol,,250,250 km/h,6.0,50000.0,Petrol,5,365.0
Jaguar Land Rover,Jaguar XJ,V6 Petrol,,300,250 km/h,6.0,85000.0,Petrol,5,400.0
Jaguar Land Rover,Jaguar E-PACE,I4 Petrol,,200,230 km/h,7.0,50000.0,Petrol,5,430.0
Jaguar Land Rover,Jaguar I-PACE,Electric (Dual Motor),,400,200 km/h,4.0,70000.0,Electric,5,696.0
Jaguar Land Rover,Jaguar F-PACE,I4 Petrol / V6 Petrol,,250,230 km/h,7.0,55000.0,Petrol,5,365.0
Jaguar Land Rover,Jaguar X-TYPE,I4 Petrol,,160,215 km/h,9.0,40000.0,Petrol,5,215.0
Jaguar Land Rover,Jaguar F-PACE R-Dynamic,I4 Petrol / V6 Petrol,,340,250 km/h,5.0,65000.0,Petrol,5,480.0
Jaguar Land Rover,Jaguar XE R-Dynamic,I4 Petrol,,340,250 km/h,5.0,60000.0,Petrol,5,450.0
Jaguar Land Rover,Jaguar F-Type SVR,V8 Petrol,,575,320 km/h,3.0,120000.0,Petrol,2,700.0
Jaguar Land Rover,Jaguar I-PACE Electric Performance,Electric (Dual Motor),,400,200 km/h,4.0,85000.0,Electric,5,696.0
Jaguar Land Rover,Jaguar F-PACE SVR,V8 Petrol,,550,283 km/h,4.0,85000.0,Petrol,5,700.0
Jaguar Land Rover,Jaguar XE S,I4 Petrol,,340,250 km/h,5.0,55000.0,Petrol,5,450.0
Jaguar Land Rover,Jaguar XF R-Dynamic,I4 Petrol / V6 Petrol,,340,250 km/h,5.0,65000.0,Petrol,5,480.0
Jaguar Land Rover,Jaguar XJ LWB (Long Wheelbase),V6 Petrol,,300,250 km/h,6.0,90000.0,Petrol,5,400.0
Jaguar Land Rover,Jaguar F-Type Heritage Edition,V8 Petrol,,550,300 km/h,3.0,110000.0,Petrol,2,680.0
Jaguar Land Rover,Jaguar E-PACE S,I4 Petrol,,200,230 km/h,7.0,50000.0,Petrol,5,430.0
Jaguar Land Rover,Jaguar I-PACE HSE,Electric (Dual Motor),,400,200 km/h,4.0,90000.0,Electric,5,696.0
Jaguar Land Rover,Jaguar F-Type V8 R,V8 Petrol,,550,300 km/h,3.0,100000.0,Petrol,2,680.0
Jaguar Land Rover,Jaguar F-Type R-Dynamic,I4 Petrol / V6 Petrol,,300,250 km/h,5.0,70000.0,Petrol,2,400.0
Jaguar Land Rover,Jaguar XE P300 R-Dynamic,I4 Petrol,,300,250 km/h,5.0,55000.0,Petrol,5,400.0
Jaguar Land Rover,Jaguar XF Sportbrake,I4 Petrol / V6 Petrol,,250,250 km/h,6.0,60000.0,Petrol,5,400.0
Jaguar Land Rover,Jaguar I-PACE EV400 HSE,Electric (Dual Motor),,400,200 km/h,4.0,85000.0,Electric,5,696.0
Jaguar Land Rover,Jaguar F-PACE S 30t AWD,I4 Petrol,,247,225 km/h,6.0,60000.0,Petrol,5,365.0
Jaguar Land Rover,Jaguar E-PACE R-Dynamic,I4 Petrol,,246,230 km/h,6.0,55000.0,Petrol,5,430.0
Jaguar Land Rover,Jaguar XJ50,V6 Petrol,,300,250 km/h,6.0,80000.0,Petrol,5,400.0
Jaguar Land Rover,Jaguar F-Type 75th Anniversary Edition,V8 Petrol,,550,300 km/h,3.0,100000.0,Petrol,2,680.0
Jaguar Land Rover,Jaguar F-PACE S AWD,I4 Petrol / V6 Petrol,,340,250 km/h,5.0,65000.0,Petrol,5,480.0
Jaguar Land Rover,Jaguar XE SE,I4 Petrol,,250,240 km/h,6.0,50000.0,Petrol,5,365.0
Jaguar Land Rover,Jaguar F-Type V6 S Convertible,V6 Petrol,,380,280 km/h,4.0,80000.0,Petrol,2,460.0
Jaguar Land Rover,Jaguar XE R-Sport AWD,I4 Petrol / V6 Petrol,,300,250 km/h,5.0,55000.0,Petrol,5,400.0
Jaguar Land Rover,Jaguar XF Portfolio AWD,I4 Petrol / V6 Petrol,,340,250 km/h,5.0,60000.0,Petrol,5,450.0
Jaguar Land Rover,Jaguar F-Type Coupe R,V8 Petrol,,550,300 km/h,3.0,100000.0,Petrol,2,680.0
Jaguar Land Rover,Jaguar I-PACE First Edition,Electric (Dual Motor),,400,200 km/h,4.0,85000.0,Electric,5,696.0
Jaguar Land Rover,Jaguar F-PACE Prestige AWD,I4 Petrol / V6 Petrol,,340,250 km/h,5.0,65000.0,Petrol,5,480.0
Jaguar Land Rover,Jaguar XJ Supercharged,V8 Petrol,,510,280 km/h,4.0,90000.0,Petrol,5,625.0
Jaguar Land Rover,Jaguar F-Type P450 AWD,V8 Petrol,,450,290 km/h,4.0,90000.0,Petrol,2,600.0
Jaguar Land Rover,Jaguar F-PACE P400e Plug-in Hybrid,I4 Petrol + Electric Motor,,398,220 km/h,5.0,75000.0,Plug-in Hybrid,5,640.0
Jaguar Land Rover,Jaguar F-Type P300 Coupe,I4 Petrol,,300,250 km/h,5.0,60000.0,Petrol,2,400.0
Acura,NSX Type S,Twin-Turbo V6 Hybrid,,600,307 km/h,2.0,157000.0,Hybrid,2,666.0
Acura,TLX PMC Edition,V6,,290,250 km/h,5.0,62000.0,Petrol,5,362.0
Acura,MDX Advance,V6,,290,190 km/h,6.0,60000.0,Petrol,7,362.0
Acura,RDX Technology,I4 Turbocharged,,272,210 km/h,6.0,45000.0,Petrol,5,400.0
Acura,ILX Premium,I4,,201,200 km/h,6.0,30000.0,Petrol,5,180.0
Acura,TLX A-Spec,V6,,290,250 km/h,5.0,50000.0,Petrol,5,362.0
Acura,RDX SH-AWD,I4 Turbocharged,,272,210 km/h,6.0,50000.0,Petrol,5,400.0
Acura,MDX SH-AWD,V6,,290,190 km/h,6.0,55000.0,Petrol,7,362.0
Acura,RDX Platinum Elite,I4 Turbocharged,,272,210 km/h,6.0,55000.0,Petrol,5,400.0
Acura,TLX A-Spec Sedan,V6,,290,250 km/h,5.0,50000.0,Petrol,5,362.0
Acura,TLX 2.4L,Inline-4,,206,210 km/h,6.0,35000.0,Petrol,5,247.0
Acura,MDX Hybrid,V6 Hybrid,,321,190 km/h,6.0,55000.0,Hybrid,7,335.0
Acura,RDX Hybrid,Inline-4 Hybrid,,247,210 km/h,6.0,50000.0,Hybrid,5,400.0
Acura,ILX Technology Package,Inline-4,,201,200 km/h,6.0,30000.0,Petrol,5,180.0
Acura,NSX GT3 (Track Version),Twin-Turbo V6 Hybrid,,500,300 km/h,3.0,150000.0,Hybrid,2,600.0
Acura,RDX Turbo AWD,Inline-4 Turbocharged,,272,210 km/h,6.0,45000.0,Petrol,5,400.0
Acura,TLX 3.5L V6,V6,,290,250 km/h,5.0,50000.0,Petrol,5,362.0
Acura,ILX Special Edition,Inline-4,,201,200 km/h,6.0,30000.0,Petrol,5,180.0
Acura,MDX SH-AWD w/Technology Package,V6,,290,190 km/h,6.0,55000.0,Petrol,7,362.0
Acura,NSX 3.5L Hybrid Coupe,Twin-Turbo V6 Hybrid,,537,307 km/h,2.0,157000.0,Hybrid,2,666.0
Acura,MDX Elite,V6,,290,190 km/h,6.0,58000.0,Petrol,7,362.0
Acura,TLX V6 Advance,V6,,290,250 km/h,5.0,46000.0,Petrol,5,362.0
Acura,NSX Carbon Edition,Twin-Turbo V6 Hybrid,,537,307 km/h,2.0,157000.0,Hybrid,2,666.0
Acura,RDX Turbo SH-AWD,Turbocharged I4,,272,210 km/h,6.0,42000.0,Petrol,5,400.0
Acura,ILX Technology Plus,Inline-4,,201,200 km/h,6.0,28000.0,Petrol,5,180.0
Acura,TLX Type S PMC Edition,Turbocharged V6,,355,250 km/h,5.0,54000.0,Petrol,5,480.0
Acura,MDX Sport Hybrid,V6 Hybrid,,321,190 km/h,6.0,52000.0,Hybrid,7,335.0
Peugeot,208,Inline-4,,82,180 km/h,10.0,22000.0,Petrol,5,160.0
Peugeot,2008,Inline-4,,100,190 km/h,9.0,25000.0,Petrol,5,205.0
Peugeot,301,Inline-4,,115,185 km/h,10.0,23500.0,Petrol,5,150.0
Peugeot,308,Inline-4,,130,200 km/h,8.0,28000.0,Petrol,5,230.0
Peugeot,3008,Inline-4,,180,210 km/h,7.0,32000.0,Petrol,5,400.0
Peugeot,5008,Inline-4,,165,200 km/h,9.0,35000.0,Diesel,7,400.0
Peugeot,508,Inline-4,,180,235 km/h,8.0,35500.0,Petrol,5,300.0
Peugeot,Partner,Diesel I4,,75,160 km/h,12.0,22500.0,Diesel,5,200.0
Peugeot,Expert,Diesel I4,,120,180 km/h,10.0,30000.0,Diesel,3,300.0
Peugeot,Boxer,Diesel I4,,140,160 km/h,11.0,32000.0,Diesel,3,340.0
Peugeot,e-208,Electric Motor,,136,150 km/h,8.0,35000.0,Electric,5,260.0
Peugeot,e-2008,Electric Motor,,136,150 km/h,8.0,38000.0,Electric,5,260.0
Peugeot,208 GTI,Inline-4,,208,230 km/h,6.0,28000.0,Petrol,5,300.0
Peugeot,308 GTI,Inline-4,,270,250 km/h,6.0,35000.0,Petrol,5,330.0
Peugeot,508 PSE (Peugeot Sport Engineered),Hybrid I4,,360,250 km/h,5.0,55000.0,Hybrid,5,520.0
Peugeot,308 Allure,Inline-4,,130,205 km/h,9.0,25000.0,Petrol,5,230.0
Peugeot,2008 Allure,Inline-4,,130,200 km/h,9.0,27000.0,Petrol,5,230.0
Peugeot,3008 Allure,Inline-4,,180,210 km/h,8.0,30000.0,Petrol,5,250.0
Peugeot,5008 Allure,Inline-4,,180,200 km/h,8.0,33000.0,Petrol,7,250.0
Peugeot,508 Allure,Inline-4,,180,225 km/h,8.0,35000.0,Petrol,5,250.0
Peugeot,3008 GT,Inline-4,,200,220 km/h,7.0,35000.0,Petrol,5,280.0
Peugeot,508 GT,Inline-4,,225,235 km/h,6.0,40000.0,Petrol,5,300.0
Peugeot,3008 GT Hybrid,Hybrid I4,,300,235 km/h,6.0,45000.0,Hybrid,5,400.0
Peugeot,5008 GT Hybrid,Hybrid I4,,300,210 km/h,6.0,48000.0,Hybrid,7,400.0
Peugeot,208 Allure Premium,Inline-4,,130,200 km/h,9.0,28000.0,Petrol,5,230.0
Peugeot,Partner Tepee,Inline-4,,100,170 km/h,12.0,25000.0,Diesel,5,260.0
Peugeot,Expert L2H1,Inline-4,,120,160 km/h,13.0,30000.0,Diesel,3,320.0
Peugeot,Boxer L2H2,Inline-4,,130,140 km/h,14.0,35000.0,Diesel,3,350.0
Peugeot,Partner Electric,Electric Motor,,136,130 km/h,9.0,40000.0,Electric,5,260.0
Peugeot,Expert Electric,Electric Motor,,136,130 km/h,9.0,45000.0,Electric,5,260.0
Peugeot,208 PSE (Peugeot Sport Engineered),Hybrid I4,,225,250 km/h,5.0,45000.0,Hybrid,5,360.0
Peugeot,308 PSE,Hybrid I4,,360,250 km/h,5.0,55000.0,Hybrid,5,520.0
Peugeot,508 PSE,Hybrid I4,,360,250 km/h,5.0,60000.0,Hybrid,5,520.0
Peugeot,3008 PSE,Hybrid I4,,300,235 km/h,6.0,50000.0,Hybrid,5,400.0
Peugeot,2008 Active,Inline-4,,100,190 km/h,11.0,22000.0,Petrol,5,205.0
Peugeot,3008 Active,Inline-4,,130,200 km/h,10.0,30000.0,Petrol,5,240.0
Peugeot,5008 Active,Inline-4,,130,190 km/h,10.0,33000.0,Petrol,7,240.0
Peugeot,3008 Allure Premium,Inline-4,,130,200 km/h,9.0,32000.0,Petrol,5,240.0
Peugeot,5008 Allure Premium,Inline-4,,130,190 km/h,10.0,35000.0,Petrol,7,240.0
Peugeot,3008 GT Line,Inline-4,,180,210 km/h,8.0,35000.0,Petrol,5,250.0
Peugeot,5008 GT Line,Inline-4,,180,200 km/h,9.0,38000.0,Petrol,7,250.0
Peugeot,2008 GT,Inline-4,,130,200 km/h,9.0,25000.0,Petrol,5,230.0
Peugeot,5008 GT,Inline-4,,180,210 km/h,8.0,40000.0,Petrol,7,250.0
Peugeot,508 SW (Station Wagon),Inline-4,,180,220 km/h,8.0,35000.0,Petrol,5,300.0
Peugeot,508 Saloon,Inline-4,,180,210 km/h,8.0,37000.0,Petrol,5,300.0
Peugeot,308 Saloon,Inline-4,,130,200 km/h,9.0,28000.0,Petrol,5,230.0
Peugeot,301 Sedan,Inline-4,,82,180 km/h,12.0,20000.0,Petrol,5,115.0
Peugeot,208 Sedan,Inline-4,,100,190 km/h,11.0,22000.0,Petrol,5,205.0
Ford,Fusion (Mondeo),1.5L EcoBoost / 2.0L Hybrid,,160,220 km/h,7.0,25000.0,Petrol/Hybrid,5,200.0
Ford,Taurus,3.5L V6 / 2.0L EcoBoost,,200,220 km/h,6.0,30000.0,Petrol,5,300.0
Ford,Fiesta,1.0L EcoBoost / 1.5L,,85,200 km/h,7.0,15000.0,Petrol,5,130.0
Ford,Focus,1.0L EcoBoost / 1.5L / 2.0L,,120,220 km/h,6.0,20000.0,Petrol,5,150.0
Ford,KA+,1.2L Petrol,,70,165 km/h,10.0,12000.0,Petrol,5,100.0
Ford,EcoSport,1.0L Turbo Inline-3 / 2.0L,,123,180 km/h,9.0,20000.0,Petrol,5,170.0
Ford,Escape (Kuga),1.5L EcoBoost / 2.5L Hybrid,,181,190 km/h,7.0,25000.0,Petrol/Hybrid,5,230.0
Ford,Edge,2.0L EcoBoost / 2.7L V6,,250,200 km/h,6.0,35000.0,Petrol,5,400.0
Ford,Explorer,2.3L EcoBoost / 3.0L V6,,300,200 km/h,6.0,35000.0,Petrol,7,420.0
Ford,Expedition,3.5L EcoBoost / 5.4L V8,,375,180 km/h,6.0,50000.0,Petrol,8,650.0
Ford,Bronco,2.3L EcoBoost / 2.7L V6,,275,200 km/h,7.0,30000.0,Petrol,4,400.0
Ford,Bronco Sport,1.5L EcoBoost / 2.0L EcoBoost,,181,185 km/h,7.0,26000.0,Petrol,5,250.0
Ford,F-150,3.3L V6 / 5.0L V8 / 3.5L EcoBoost,,290,200 km/h,5.0,35000.0,Petrol/Diesel,5,400.0
Ford,F-250 Super Duty,6.2L V8 / 7.3L V8 / 6.7L Turbo-Diesel,,385,180 km/h,6.0,40000.0,Petrol/Diesel,5,700.0
Ford,F-350 Super Duty,6.7L Turbo-Diesel / 7.3L V8,,450,180 km/h,7.0,45000.0,Diesel,5,1050.0
Ford,Maverick,2.5L Hybrid / 2.0L EcoBoost,,191,180 km/h,6.0,22000.0,Hybrid/Petrol,5,250.0
Ford,Ranger,2.3L Turbo Inline-4 / 2.7L V6,,270,180 km/h,6.0,25000.0,Petrol/Diesel,5,400.0
Ford,Mustang Mach-E,Electric Motor,,290,180 km/h,3.0,43000.0,Electric,5,430.0
Ford,F-150 Lightning,Electric Motor,,452,180 km/h,4.0,40000.0,Electric,5,1051.0
Ford,Escape Hybrid,2.5L Inline-4 + Electric,,200,180 km/h,7.0,28000.0,Hybrid,5,210.0
Ford,Explorer Hybrid,3.3L V6 + Electric,,318,180 km/h,7.0,50000.0,Hybrid,7,500.0
Ford,Mustang,5.0L V8,,450,250 km/h,4.0,55000.0,Petrol,4,530.0
Ford,GT,3.5L Twin-Turbo V6,,660,348 km/h,3.0,500000.0,Petrol,2,746.0
Ford,Focus ST,2.3L Turbo Inline-4,,280,250 km/h,5.0,30000.0,Petrol,5,420.0
Ford,Fiesta ST,1.5L Turbo Inline-3,,200,230 km/h,6.0,23000.0,Petrol,5,290.0
Ford,Bronco Raptor,3.0L Twin-Turbo V6,,400,220 km/h,5.0,70000.0,Petrol,4,583.0
Ford,Ranger Raptor,2.7L Twin-Turbo V6,,392,200 km/h,6.0,45000.0,Petrol,5,583.0
Ford,F-150 Raptor,3.5L Twin-Turbo V6,,450,200 km/h,5.0,70000.0,Petrol,5,691.0
Ford,Puma,Turbocharged Inline-3,,123,191 km/h,9.0,28000.0,Petrol,5,200.0
Ford,Territory,Turbocharged Inline-4,,140,180 km/h,11.0,32000.0,Petrol,5,225.0
Ford,Everest,Turbocharged Inline-4,,210,190 km/h,10.0,52000.0,Diesel,7,500.0
Ford,Flex,Naturally Aspirated V6,,287,200 km/h,7.0,31000.0,Petrol,7,345.0
Ford,Transit,EcoBlue Turbo Diesel,,170,160 km/h,12.0,43455.0,Diesel,215,405.0
Ford,Transit Connect,Inline-4 Gasoline Engine,,162,175 km/h,10.0,29365.0,Petrol,27,200.0
Ford,F-450 Super Duty,Turbocharged V8 Diesel,,475,165 km/h,8.0,61625.0,Diesel,26,1424.0
Ford,F-550 Super Duty,Turbocharged V8 Diesel,,475,165 km/h,8.0,64540.0,Diesel,26,1424.0
Ford,Mustang Shelby GT500,Supercharged V8,,760,290 km/h,3.0,79420.0,Petrol,2,847.0
Ford,Mustang Shelby GT350,Naturally Aspirated V8,,526,280 km/h,4.0,59140.0,Petrol,2,582.0
Ford,F-150 Platinum,Turbocharged V6,,400,180 km/h,6.0,64695.0,Petrol,5,678.0
Ford,F-150 Limited,Turbocharged V6,,450,190 km/h,6.0,84910.0,Petrol,5,678.0
Ford,Explorer Platinum,Turbocharged V6,,400,230 km/h,6.0,56505.0,Petrol,7,563.0
Ford,Expedition King Ranch,Turbocharged V6,,440,210 km/h,6.0,79560.0,Petrol,78,691.0
Ford,Transit Custom,EcoBlue Turbo Diesel,,130,160 km/h,12.0,35000.0,Diesel,29,385.0
Ford,E-Series Cutaway,V8 Gasoline Engine,,350,140 km/h,13.0,36000.0,Petrol,2,569.0
Ford,Transit Chassis Cab,EcoBlue Turbo Diesel,,170,160 km/h,11.0,37000.0,Diesel,2,405.0
Ford,Transit Electric (E-Transit),Electric Motor,,266,140 km/h,9.0,52000.0,Electric,212,430.0
Ford,Explorer Plug-in Hybrid,V6 Hybrid + Electric Motor,,457,225 km/h,6.0,53000.0,Hybrid,7,825.0
Ford,Maverick Hybrid,I4 Hybrid,,191,180 km/h,7.0,25000.0,Hybrid,5,210.0
Ford,Mustang (2024),V8 Gasoline Engine,,450,250 km/h,4.0,60000.0,Petrol,4,570.0
Ford,Ranger (2024),I4 Turbo Diesel,,210,180 km/h,8.0,40000.0,Diesel,5,500.0
Ford,Escape Plug-in Hybrid (2024),I4 Hybrid,,221,190 km/h,7.0,38000.0,Hybrid,5,210.0
Ford,Bronco (2024),V6 EcoBoost,,310,200 km/h,6.0,45000.0,Petrol,5,542.0
Ford,Explorer (2024),V6 Turbocharged,,400,230 km/h,5.0,55000.0,Petrol,7,563.0
Mitsubishi,Mirage,1.2L MIVEC,,78,170 km/h,12.0,16000.0,Petrol,5,100.0
Mitsubishi,Mirage G4,1.2L MIVEC,,78,170 km/h,12.0,17000.0,Petrol,5,100.0
Mitsubishi,Outlander,2.5L 4-Cylinder,,181,190 km/h,9.0,28000.0,Petrol,7,245.0
Mitsubishi,Outlander PHEV,2.4L Hybrid,,248,170 km/h,10.0,39000.0,Hybrid,5,300.0
Mitsubishi,Eclipse Cross,1.5L Turbo,,152,180 km/h,9.0,25000.0,Petrol,5,250.0
Mitsubishi,ASX (Outlander Sport),2.0L MIVEC,,148,190 km/h,10.0,23000.0,Petrol,5,197.0
Mitsubishi,Pajero,3.2L Diesel Turbo,,189,180 km/h,10.0,40000.0,Diesel,7,441.0
Mitsubishi,Pajero Sport,2.4L Diesel Turbo,,181,180 km/h,11.0,35000.0,Diesel,7,430.0
Mitsubishi,Triton (L200),2.4L Diesel Turbo,,181,177 km/h,10.0,25000.0,Diesel,5,430.0
Mitsubishi,Lancer Evolution X,2.0L Turbocharged,,291,240 km/h,5.0,40000.0,Petrol,5,407.0
Mitsubishi,i-MiEV (Electric),Electric Motor,,66,130 km/h,15.0,23000.0,Electric,4,196.0
Mitsubishi,Xpander,1.5L MIVEC,,105,170 km/h,13.0,20000.0,Petrol,7,141.0
Mitsubishi,Delica D:5,2.2L Diesel Turbo,,145,175 km/h,11.0,35000.0,Diesel,7,360.0
Mitsubishi,Colt,1.1L / 1.5L MIVEC,,75,180 km/h,9.0,15000.0,Petrol,5,100.0
Mitsubishi,Grandis,2.4L MIVEC,,165,190 km/h,11.0,25000.0,Petrol,7,217.0
Mitsubishi,Outlander Black Edition,2.5L 4-Cylinder,,181,190 km/h,9.0,32000.0,Petrol,7,245.0
Mitsubishi,Outlander SEL,2.5L 4-Cylinder,,181,190 km/h,9.0,31000.0,Petrol,7,245.0
Mitsubishi,Outlander SE,2.5L 4-Cylinder,,181,190 km/h,9.0,29000.0,Petrol,7,245.0
Mitsubishi,Eclipse Cross Black Edition,1.5L Turbo,,152,180 km/h,9.0,28000.0,Petrol,5,250.0
Mitsubishi,ASX Exceed,2.0L MIVEC,,148,190 km/h,10.0,26000.0,Petrol,5,197.0
Mitsubishi,Triton Athlete,2.4L Diesel Turbo,,181,177 km/h,10.0,27000.0,Diesel,5,430.0
Mitsubishi,Pajero Final Edition,3.2L Diesel Turbo,,189,180 km/h,10.0,45000.0,Diesel,7,441.0
Mitsubishi,L200 Barbarian X,2.4L Diesel Turbo,,181,177 km/h,10.0,30000.0,Diesel,5,430.0
Mitsubishi,Space Star,1.2L MIVEC,,78,170 km/h,12.0,15000.0,Petrol,5,100.0
Mitsubishi,Lancer EX,1.6L MIVEC / 2.0L,,117,200 km/h,10.0,20000.0,Petrol,5,154.0
Mitsubishi,Montero Sport,2.4L Diesel Turbo,,181,180 km/h,11.0,35000.0,Diesel,7,430.0
Mitsubishi,Attrage,1.2L MIVEC,,78,170 km/h,12.0,15000.0,Petrol,5,100.0
Mitsubishi,RVR SE,2.0L MIVEC,,148,190 km/h,10.0,23000.0,Petrol,5,197.0
Mitsubishi,Delica Van,2.0L Diesel / 2.2L Diesel,,145,175 km/h,11.0,30000.0,Diesel,7,360.0
Mitsubishi,Canter (Truck),3.0L Diesel,,150,120 km/h,,35000.0,Diesel,2,370.0
Mitsubishi,Lancer GLX,1.6L MIVEC,,115,190 km/h,11.0,17000.0,Petrol,5,154.0
Mitsubishi,Pajero GLS,3.2L Diesel Turbo,,189,180 km/h,10.0,45000.0,Diesel,7,441.0
Mitsubishi,Xpander Cross,1.5L MIVEC,,105,170 km/h,12.0,20000.0,Petrol,7,141.0
Mitsubishi,Eclipse Cross PHEV,2.4L PHEV,,188,180 km/h,10.0,35000.0,Plug-in Hybrid,5,199.0
Mitsubishi,Outlander ES,2.5L 4-Cylinder,,181,190 km/h,9.0,28000.0,Petrol,7,245.0
Mitsubishi,Montero GLX,2.4L Diesel Turbo,,181,180 km/h,11.0,35000.0,Diesel,7,430.0
Mitsubishi,Triton GLX-R,2.4L Diesel Turbo,,181,177 km/h,10.0,27000.0,Diesel,5,430.0
Mitsubishi,ASX Dynamic,2.0L MIVEC,,148,190 km/h,10.0,25000.0,Petrol,5,197.0
Mitsubishi,Mirage ES,1.2L MIVEC,,78,170 km/h,12.0,15000.0,Petrol,5,100.0
Mitsubishi,Outlander LE,2.5L 4-Cylinder,,181,190 km/h,9.0,30000.0,Petrol,7,245.0
Mitsubishi,Fuso Fighter (Truck),7.5L Diesel,,240,120 km/h,,70000.0,Diesel,2,686.0
Mitsubishi,Fuso Canter Eco Hybrid,3.0L Diesel Hybrid,,150,120 km/h,,50000.0,Diesel Hybrid,2,370.0
Mitsubishi,Space Runner,1.8L MIVEC,,140,185 km/h,10.0,20000.0,Petrol,5,170.0
Mitsubishi,Toppo BJ,0.7L 3-Cylinder,,52,130 km/h,15.0,10000.0,Petrol,4,60.0
Mitsubishi,Chariot,2.0L MIVEC,,140,185 km/h,10.0,20000.0,Petrol,7,170.0
Mitsubishi,Lancer SE Limited,2.0L MIVEC,,148,200 km/h,10.0,20000.0,Petrol,5,197.0
Mitsubishi,Pajero SWB (Short Wheel Base),3.2L Diesel Turbo,,189,180 km/h,10.0,45000.0,Diesel,5,441.0
Mitsubishi,Delica Space Gear,2.4L Petrol,,145,170 km/h,13.0,30000.0,Petrol,7,206.0
Mitsubishi,i (Kei Car),0.7L 3-Cylinder,,64,130 km/h,15.0,12000.0,Petrol,4,94.0
Mitsubishi,Dion,2.0L 4-Cylinder,,135,180 km/h,11.0,15000.0,Petrol,7,181.0
Mitsubishi,Airtrek,2.4L 4-Cylinder,,160,190 km/h,11.0,20000.0,Petrol,5,214.0
Mitsubishi,eK Space,0.7L 3-Cylinder,,52,130 km/h,15.0,10000.0,Petrol,4,60.0
Mitsubishi,eK X,0.7L 3-Cylinder,,64,140 km/h,13.0,12000.0,Petrol,4,94.0
Mitsubishi,Colt CZC Convertible,1.5L Turbocharged,,147,200 km/h,9.0,25000.0,Petrol,4,210.0
Mitsubishi,Galant Fortis,2.0L MIVEC,,154,200 km/h,10.0,18000.0,Petrol,5,200.0
Mitsubishi,Endeavor,3.8L V6,,225,190 km/h,9.0,28000.0,Petrol,5,343.0
Mitsubishi,Grand Lancer,1.8L MIVEC,,138,190 km/h,11.0,20000.0,Petrol,5,173.0
Mitsubishi,Sigma,3.0L V6,,210,220 km/h,8.0,35000.0,Petrol,5,270.0
Mitsubishi,Town Box,0.7L 3-Cylinder,,48,120 km/h,16.0,10000.0,Petrol,4,60.0
Mitsubishi,Minicab MiEV,Electric Motor,,64,100 km/h,,18000.0,Electric,2,196.0
Mazda,Mazda3,2.0L SkyActiv-G,,155,200 km/h,8.0,22000.0,Petrol,5,213.0
Mazda,Mazda3 Hatchback,2.5L SkyActiv-G,,186,210 km/h,8.0,24000.0,Petrol,5,252.0
Mazda,Mazda6,2.5L Turbocharged,,250,240 km/h,6.0,27000.0,Petrol,5,420.0
Mazda,CX-3,2.0L SkyActiv-G,,146,180 km/h,9.0,21000.0,Petrol,5,197.0
Mazda,CX-30,2.5L SkyActiv-G,,186,204 km/h,8.0,23000.0,Petrol,5,252.0
Mazda,CX-5,2.5L SkyActiv-G,,187,200 km/h,8.0,26000.0,Petrol,5,252.0
Mazda,CX-50,2.5L Turbocharged,,256,220 km/h,6.0,29000.0,Petrol,5,434.0
Mazda,CX-8,2.2L Diesel,,187,200 km/h,9.0,36000.0,Diesel,7,450.0
Mazda,CX-9,2.5L Turbocharged,,250,210 km/h,7.0,38000.0,Petrol,7,420.0
Mazda,CX-90,3.3L Inline-6 Turbo,,340,240 km/h,6.0,50000.0,Petrol,7,500.0
Mazda,MX-5 Miata,2.0L SkyActiv-G,,181,225 km/h,6.0,27000.0,Petrol,2,205.0
Mazda,MX-5 Miata RF,2.0L SkyActiv-G,,181,225 km/h,6.0,33000.0,Petrol,2,205.0
Mazda,MX-30 Electric,Electric Motor,,143,140 km/h,9.0,33000.0,Electric,5,271.0
Mazda,CX-4,2.0L SkyActiv-G,,158,190 km/h,9.0,22000.0,Petrol,5,202.0
Mazda,CX-7,2.3L Turbocharged,,244,210 km/h,7.0,28000.0,Petrol,5,350.0
Mazda,Tribute,3.0L V6,,200,190 km/h,9.0,24000.0,Petrol,5,270.0
Mazda,B-Series Pickup,2.5L Diesel,,143,170 km/h,11.0,20000.0,Diesel,5,330.0
Mazda,BT-50,3.2L Turbo Diesel,,200,180 km/h,10.0,27000.0,Diesel,5,470.0
Mazda,RX-7,1.3L Rotary Twin-Turbo,,276,250 km/h,5.0,30000.0,Petrol,4,314.0
Mazda,RX-3,1.2L Rotary,,110,180 km/h,8.0,15000.0,Petrol,4,145.0
Mazda,RX-Vision Concept,Rotary SkyActiv-R,,400,300 km/h (est.),,,Petrol (Hybrid),2,
Mazda,323F,1.6L Inline-4,,105,180 km/h,10.0,14000.0,Petrol,5,145.0
Mazda,Familia Sedan,1.5L Inline-4,,100,175 km/h,11.0,12000.0,Petrol,5,135.0
Mazda,Premacy,2.0L Inline-4,,138,190 km/h,9.0,18000.0,Petrol,7,180.0
Mazda,Demio,1.5L SkyActiv-G,,108,180 km/h,10.0,13000.0,Petrol,5,142.0
Mazda,Millenia,2.3L Miller Cycle V6,,210,215 km/h,8.0,25000.0,Petrol,5,280.0
Mazda,Eunos Cosmo,2.0L Twin-Rotor Turbo,,280,240 km/h,6.0,40000.0,Petrol,4,300.0
Mazda,Atenza,2.5L SkyActiv-G,,192,210 km/h,8.0,22000.0,Petrol,5,252.0
Mazda,Roadpacer AP,1.3L Rotary,,130,170 km/h,11.0,20000.0,Petrol,5,165.0
Mazda,626,2.0L Inline-4,,140,190 km/h,9.0,18000.0,Petrol,5,180.0
Mazda,929,3.0L V6,,205,220 km/h,8.0,25000.0,Petrol,5,270.0
Mazda,Luce,1.8L Rotary,,135,180 km/h,10.0,15000.0,Petrol,5,170.0
Mazda,Capella,1.6L Inline-4,,110,175 km/h,11.0,14000.0,Petrol,5,145.0
Mazda,Carol,660cc Inline-3,,63,140 km/h,15.0,9000.0,Petrol,4,90.0
Mazda,Autozam AZ-1,657cc Turbocharged Inline-3,,63,140 km/h,11.0,12000.0,Petrol,2,85.0
Mazda,Spiano,660cc Inline-3,,54,130 km/h,16.0,8000.0,Petrol,4,80.0
Mazda,Verisa,1.5L Inline-4,,113,170 km/h,11.0,14000.0,Petrol,5,140.0
Mazda,MX-6,2.5L V6,,164,210 km/h,8.0,18000.0,Petrol,4,215.0
Mazda,MPV,3.0L V6,,200,185 km/h,9.0,25000.0,Petrol,7,265.0
Mazda,Proceed Marvie,2.6L Inline-4,,120,160 km/h,12.0,20000.0,Petrol,5,200.0
Mazda,Sentia,3.0L V6,,200,200 km/h,9.0,22000.0,Petrol,5,265.0
Mazda,Cronos,2.5L V6,,160,190 km/h,8.0,18000.0,Petrol,5,210.0
Mazda,Scrum,660cc Inline-3,,63,130 km/h,15.0,9000.0,Petrol,4,85.0
Mazda,Parkway,1.8L Inline-4,,115,160 km/h,12.0,20000.0,Petrol,5,155.0
Mazda,Titan (Truck),3.0L Inline-4,,130,120 km/h,15.0,25000.0,Diesel,2,300.0
Mazda,CX-60,2.5L Inline-4,,187,200 km/h,8.0,40000.0,Petrol/Diesel,5,250.0
Mazda,CX-80,3.0L Inline-6,,250,210 km/h,7.0,45000.0,Petrol,7,400.0
Mazda,T1500,1.5L Inline-4,,75,120 km/h,18.0,15000.0,Petrol,2,105.0
Mazda,Bongo Van,2.0L Inline-4,,100,160 km/h,14.0,18000.0,Petrol/Diesel,3,140.0
Mazda,Bongo Friendee,2.5L Inline-4,,115,160 km/h,12.0,20000.0,Petrol/Diesel,7,160.0
Mazda,Revue,1.3L Inline-4,,75,130 km/h,15.0,10000.0,Petrol,5,110.0
Mazda,Proteg,1.8L Inline-4,,125,185 km/h,9.0,15000.0,Petrol,5,170.0
Mazda,Xedos 6,2.5L V6,,170,215 km/h,8.0,25000.0,Petrol,5,230.0
Mazda,Xedos 9,3.0L V6,,200,220 km/h,7.0,30000.0,Petrol,5,260.0
Mazda,121,1.3L Inline-4,,70,155 km/h,13.0,12000.0,Petrol,5,110.0
Mazda,1200,1.2L Inline-4,,60,130 km/h,16.0,10000.0,Petrol,4,90.0
Mazda,1500,1.5L Inline-4,,85,145 km/h,14.0,12000.0,Petrol,5,120.0
Mazda,RX-2,1.3L Inline-2 (Wankel),,130,185 km/h,8.0,20000.0,Petrol,4,220.0
Mazda,RX-5,1.6L Inline-2 (Wankel),,135,190 km/h,8.0,25000.0,Petrol,4,210.0
Mazda,RX-7 Spirit R,1.3L Inline-2 (Wankel),,280,250 km/h,5.0,35000.0,Petrol,2,290.0
Mazda,Cosmo Sport (110S),1.0L Inline-2 (Wankel),,110,170 km/h,10.0,30000.0,Petrol,2,150.0
Mazda,Eunos 500,2.0L Inline-4,,135,200 km/h,9.0,25000.0,Petrol,5,170.0
Mazda,Eunos Roadster,1.6L Inline-4,,116,180 km/h,9.0,15000.0,Petrol,2,140.0
Mazda,Familia Astina,1.8L Inline-4,,135,200 km/h,8.0,20000.0,Petrol,5,170.0
Mazda,Savanna RX-7,1.3L Inline-2 (Wankel),,165,230 km/h,7.0,28000.0,Petrol,2,230.0
Mazda,Capella Cargo,2.0L Inline-4,,115,180 km/h,12.0,18000.0,Petrol,4,160.0
Mazda,818,1.6L Inline-4,,100,170 km/h,12.0,14000.0,Petrol,5,130.0
Mazda,Sentia Hardtop Coupe,2.5L V6,,160,210 km/h,8.0,30000.0,Petrol,4,220.0
Mazda,Biante,2.0L Inline-4,,150,185 km/h,10.0,22000.0,Petrol,7,200.0
Mazda,Premacy Hydrogen RE Hybrid,1.3L Wankel + Electric,,200,180 km/h,9.0,40000.0,Hybrid,5,260.0
Mazda,Carol P360,0.36L Inline-2,,26,85 km/h,35.0,8000.0,Petrol,4,45.0
Mazda,T2000,2.0L Inline-4,,110,170 km/h,12.0,18000.0,Petrol,2,160.0
Mazda,AZ-Offroad,1.3L Inline-4,,85,145 km/h,12.0,15000.0,Petrol,5,130.0
Mazda,Scrum Wagon,0.66L Inline-3,,64,120 km/h,15.0,10000.0,Petrol,4,95.0
Mazda,Persona,1.5L Inline-4,,92,160 km/h,13.0,13000.0,Petrol,5,130.0
Mazda,Astina,1.8L Inline-4,,140,190 km/h,8.0,20000.0,Petrol,5,160.0
Mazda,Etude,1.6L Inline-4,,105,170 km/h,10.0,14000.0,Petrol,5,135.0
Mazda,Porter,1.5L Inline-4,,95,130 km/h,14.0,12000.0,Petrol,2,130.0
Mazda,MX-3,1.6L Inline-4,,130,190 km/h,8.0,18000.0,Petrol,4,140.0
Mazda,MX-5 Superlight Concept,1.8L Inline-4,,143,200 km/h,7.0,30000.0,Petrol,2,160.0
Mazda,Premacy Hydrogen RE,1.3L Wankel + Electric,,200,180 km/h,9.0,40000.0,Hybrid,5,260.0
Mazda,Bongo Truck,2.0L Inline-4,,120,130 km/h,15.0,15000.0,Petrol,2,150.0
Mazda,Rotary Pickup,1.3L Wankel Rotary Engine,,130,150 km/h,14.0,18000.0,Petrol,2,160.0
Mazda,Luce Rotary Coupe,1.3L Wankel Rotary Engine,,135,175 km/h,12.0,25000.0,Petrol,4,180.0
Mazda,Millenia S,2.5L V6,,200,220 km/h,8.0,30000.0,Petrol,5,250.0
Mazda,787B (Race Car),2.6L Wankel Rotary Engine,,700,320 km/h,3.0,5000000.0,Petrol,1,500.0
Toyota,Crown Signia,2.5L Hybrid I4,,240,180 km/h,7.0,43590.0,Hybrid (Gas + Electric),5,239.0
Toyota,4Runner (6th Gen),2.4L Turbo I4 (i-FORCE MAX Hybrid),,326,180 km/h,6.0,50000.0,Hybrid,7,630.0
Toyota,Corolla Cross,2.0L Gas / 2.0L Hybrid,,169,190 km/h,8.0,25210.0,Gas / Hybrid,5,190.0
Toyota,C-HR+ ,1.8L / 2.0L Hybrid,,140,180 km/h,7.0,33000.0,Hybrid,5,190.0
Toyota,RAV4 (6th Gen),2.5L Hybrid / Plug-in Hybrid,,219,200 km/h,6.0,29000.0,Hybrid / Plug-in,5,221.0
